<?xml version='1.0' encoding='UTF-8'?><detailedreport xmlns:xsi="http://www.w3.org/2001/XMLSchema-instance" xmlns="https://www.veracode.com/schema/reports/export/1.0" xsi:schemaLocation="https://www.veracode.com/schema/reports/export/1.0 https://analysiscenter.veracode.com/resource/detailedreport.xsd" report_format_version="1.5" account_id="89925" app_name="Juiceshop" app_id="1324083" analysis_id="16018828" static_analysis_unit_id="16034484" sandbox_id="4178822" version="5 Jan 2022 Static" build_id="16045965" submitter="linish kalbande" platform="Not Specified" assurance_level="5" business_criticality="5" generation_date="2023-03-07 07:14:15 UTC" veracode_level="VL1" total_flaws="15" flaws_not_mitigated="15" teams="" life_cycle_stage="Not Specified" planned_deployment_date="2022-01-05 05:18:23 UTC" last_update_time="2022-01-05 05:32:24 UTC" is_latest_build="true" policy_name="Veracode Recommended Very High" policy_version="1" policy_compliance_status="Did Not Pass" policy_rules_status="Did Not Pass" grace_period_expired="true" scan_overdue="true" business_owner="" business_unit="Not Specified" tags="" legacy_scan_engine="false"><static-analysis rating="D" score="89" submitted_date="2022-01-05 05:27:20 UTC" published_date="2022-01-05 05:32:18 UTC" version="5 Jan 2022 Static" next_scan_due="2022-04-05 04:32:18 UTC" analysis_size_bytes="1541472" engine_version="20211221160743"><modules><module name="JS files within Strut-master.zip" compiler="JAVASCRIPT_5_1" os="JavaScript" architecture="JAVASCRIPT" loc="44620" score="89" numflawssev0="0" numflawssev1="0" numflawssev2="0" numflawssev3="14" numflawssev4="0" numflawssev5="1" /></modules></static-analysis><severity level="5"><category categoryid="18" categoryname="Command or Argument Injection" pcirelated="true"><desc><para text="Command or argument injection vulnerabilities occur when data enters an application from an untrusted source and is used to dynamically construct and execute a command.  In the case of OS command injection, an attacker may be able to either alter the command executed by the application or append additional commands.  In the case of argument injection, the attacker may influence the behavior of the program in other ways, for example, changing the destination of an outbound network request or injecting additional commands into an argument or parameter. The command is typically executed with the privileges of the executing process and gives an attacker a privilege or capability that he would not otherwise have." /></desc><recommendations><para text="Careful handling of all untrusted data is critical in preventing injection attacks.   Using one or more of the following techniques provides defense-in-depth and minimizes the likelihood of an vulnerability."><bulletitem text="If possible, use library calls rather than external processes to recreate the desired functionality." /><bulletitem text="Validate user-supplied input using positive filters (white lists) to ensure that it conforms to the expected format, using centralized data validation routines when possible. " /><bulletitem text="Select safe API routines.  Some APIs that execute system commands take an array of strings as input rather than a single string, which protects against some forms of command injection by ensuring that a user-supplied argument cannot be interpreted as part of the command." /></para></recommendations><cwe cweid="78" cwename="Improper Neutralization of Special Elements used in an OS Command ('OS Command Injection')" pcirelated="true" owasp="1347" owasp2013="929" sans="864" owaspmobile="3037" certc="1165" certcpp="875" certjava="1134"><description><text text="This call contains a command injection flaw.  The argument to the function is constructed using untrusted input.  If an attacker is allowed to specify all or part of the command, it may be possible to execute commands on the server with the privileges of the executing process.  The level of exposure depends on the effectiveness of input validation routines, if any." /></description><staticflaws><flaw severity="5" categoryname="Improper Neutralization of Special Elements used in an OS Command ('OS Command Injection')" count="1" issueid="12" module="JS files within Strut-master.zip" type="util.exec" description="This call to util.exec() contains a command injection flaw. The argument to the function is constructed using untrusted input. If an attacker is allowed to specify all or part of the command, it may be possible to execute commands on the server with the privileges of the executing process. The level of exposure depends on the effectiveness of input validation routines, if any.&#xd;&#xa;&#xd;&#xa;Validate all untrusted input to ensure that it conforms to the expected format, using centralized data validation routines when possible. When using blocklists, be sure that the sanitizing routine performs a sufficient number of iterations to remove all instances of disallowed characters. Most APIs that execute system commands also have a &quot;safe&quot; version of the method that takes an array of strings as input rather than a single string, which protects against some forms of command injection.&#xd;&#xa;&#xd;&#xa;References: &#xd;&#xa;CWE (https://cwe.mitre.org/data/definitions/78.html) &#xd;&#xa;OWASP (https://www.owasp.org/index.php/Command_Injection) &#xd;&#xa;WASC (https://webappsec.pbworks.com/OS-Commanding)&#xd;&#xa;&#xd;&#xa;" note="" cweid="78" remediationeffort="3" exploitLevel="1" categoryid="18" pcirelated="true" date_first_occurrence="2022-01-05 05:18:24 UTC" remediation_status="New" cia_impact="ccp" grace_period_expires="2022-01-05 05:32:18 UTC" affects_policy_compliance="true" mitigation_status="none" mitigation_status_desc="Not Mitigated" sourcefile="expect.js" line="310" sourcefilepath="Strut-master/test/lib/" scope="UNKNOWN" functionprototype="lambda_13(: any,  : any, ...) : any" functionrelativelocation="-1" /></staticflaws></cwe></category></severity><severity level="4" /><severity level="3"><category categoryid="21" categoryname="CRLF Injection" pcirelated="true"><desc><para text="The acronym CRLF stands for &quot;Carriage Return, Line Feed&quot; and refers to the sequence of characters used to denote the end of a line of text.  CRLF injection vulnerabilities occur when data enters an application from an untrusted source and is not properly validated before being used.  For example, if an attacker is able to inject a CRLF into a log file, he could append falsified log entries, thereby misleading administrators or cover traces of the attack.  If an attacker is able to inject CRLFs into an HTTP response header, he can use this ability to carry out other attacks such as cache poisoning.  CRLF vulnerabilities primarily affect data integrity.  " /></desc><recommendations><para text="Apply robust input filtering for all user-supplied data, using centralized data validation routines when possible.  Use output filters to sanitize all output derived from user-supplied input, replacing non-alphanumeric characters with their HTML entity equivalents." /></recommendations><cwe cweid="117" cwename="Improper Output Neutralization for Logs" pcirelated="true" owasp="1355" owasp2013="929" certjava="1134"><description><text text="A function call could result in a log forging attack.  Writing untrusted data into a log file allows an attacker to forge log entries or inject malicious content into log files.  Corrupted log files can be used to cover an attacker's tracks or as a delivery mechanism for an attack on a log viewing or processing utility.  For example, if a web administrator uses a browser-based utility to review logs, a cross-site scripting attack might be possible." /></description><staticflaws><flaw severity="3" categoryname="Improper Output Neutralization for Logs" count="1" issueid="15" module="JS files within Strut-master.zip" type="console.log" description="This call to console.log() could result in a log forging attack. Writing untrusted data into a log file allows an attacker to forge log entries or inject malicious content into log files. Corrupted log files can be used to cover an attacker's tracks or as a delivery mechanism for an attack on a log viewing or processing utility. For example, if a web administrator uses a browser-based utility to review logs, a cross-site scripting attack might be possible.&#xd;&#xa;&#xd;&#xa;Avoid directly embedding user input in log files when possible. Sanitize untrusted data used to construct log entries by using a safe logging mechanism such as the OWASP ESAPI Logger, which will automatically remove unexpected carriage returns and line feeds and can be configured to use HTML entity encoding for non-alphanumeric data. Alternatively, some of the XSS escaping functions from the OWASP Java Encoder project will also sanitize CRLF sequences. Only create a custom blocklist when absolutely necessary. Always validate untrusted input to ensure that it conforms to the expected format, using centralized data validation routines when possible.&#xd;&#xa;&#xd;&#xa;References: &#xd;&#xa;CWE (https://cwe.mitre.org/data/definitions/117.html) &#xd;&#xa;OWASP (https://owasp.org/www-community/attacks/Log_Injection) &#xd;&#xa;WASC (https://webappsec.pbworks.com/Improper-Output-Handling) &#xd;&#xa;Supported Cleansers (https://help.veracode.com/reader/4EKhlLSMHm5jC8P8j3XccQ/IiF_rOE79ANbwnZwreSPGA)&#xd;&#xa;&#xd;&#xa;" note="" cweid="117" remediationeffort="2" exploitLevel="1" categoryid="21" pcirelated="true" date_first_occurrence="2022-01-05 05:18:24 UTC" remediation_status="New" cia_impact="npp" grace_period_expires="2022-01-05 05:32:18 UTC" affects_policy_compliance="true" mitigation_status="none" mitigation_status_desc="Not Mitigated" sourcefile="ActionHandlers.js" line="17" sourcefilepath="Strut-master/app/bundles/app/strut.storage/model/" scope="UNKNOWN" functionprototype="lambda_5(: any,  : any,  : any, ...) : any" functionrelativelocation="-1" /><flaw severity="3" categoryname="Improper Output Neutralization for Logs" count="1" issueid="2" module="JS files within Strut-master.zip" type="console.log" description="This call to console.log() could result in a log forging attack. Writing untrusted data into a log file allows an attacker to forge log entries or inject malicious content into log files. Corrupted log files can be used to cover an attacker's tracks or as a delivery mechanism for an attack on a log viewing or processing utility. For example, if a web administrator uses a browser-based utility to review logs, a cross-site scripting attack might be possible.&#xd;&#xa;&#xd;&#xa;Avoid directly embedding user input in log files when possible. Sanitize untrusted data used to construct log entries by using a safe logging mechanism such as the OWASP ESAPI Logger, which will automatically remove unexpected carriage returns and line feeds and can be configured to use HTML entity encoding for non-alphanumeric data. Alternatively, some of the XSS escaping functions from the OWASP Java Encoder project will also sanitize CRLF sequences. Only create a custom blocklist when absolutely necessary. Always validate untrusted input to ensure that it conforms to the expected format, using centralized data validation routines when possible.&#xd;&#xa;&#xd;&#xa;References: &#xd;&#xa;CWE (https://cwe.mitre.org/data/definitions/117.html) &#xd;&#xa;OWASP (https://owasp.org/www-community/attacks/Log_Injection) &#xd;&#xa;WASC (https://webappsec.pbworks.com/Improper-Output-Handling) &#xd;&#xa;Supported Cleansers (https://help.veracode.com/reader/4EKhlLSMHm5jC8P8j3XccQ/IiF_rOE79ANbwnZwreSPGA)&#xd;&#xa;&#xd;&#xa;" note="" cweid="117" remediationeffort="2" exploitLevel="1" categoryid="21" pcirelated="true" date_first_occurrence="2022-01-05 05:18:24 UTC" remediation_status="New" cia_impact="npp" grace_period_expires="2022-01-05 05:32:18 UTC" affects_policy_compliance="true" mitigation_status="none" mitigation_status_desc="Not Mitigated" sourcefile="ActionHandlers.js" line="18" sourcefilepath="Strut-master/app/bundles/app/strut.storage/model/" scope="UNKNOWN" functionprototype="lambda_5(: any,  : any,  : any, ...) : any" functionrelativelocation="-1" /><flaw severity="3" categoryname="Improper Output Neutralization for Logs" count="1" issueid="13" module="JS files within Strut-master.zip" type="console.log" description="This call to console.log() could result in a log forging attack. Writing untrusted data into a log file allows an attacker to forge log entries or inject malicious content into log files. Corrupted log files can be used to cover an attacker's tracks or as a delivery mechanism for an attack on a log viewing or processing utility. For example, if a web administrator uses a browser-based utility to review logs, a cross-site scripting attack might be possible.&#xd;&#xa;&#xd;&#xa;Avoid directly embedding user input in log files when possible. Sanitize untrusted data used to construct log entries by using a safe logging mechanism such as the OWASP ESAPI Logger, which will automatically remove unexpected carriage returns and line feeds and can be configured to use HTML entity encoding for non-alphanumeric data. Alternatively, some of the XSS escaping functions from the OWASP Java Encoder project will also sanitize CRLF sequences. Only create a custom blocklist when absolutely necessary. Always validate untrusted input to ensure that it conforms to the expected format, using centralized data validation routines when possible.&#xd;&#xa;&#xd;&#xa;References: &#xd;&#xa;CWE (https://cwe.mitre.org/data/definitions/117.html) &#xd;&#xa;OWASP (https://owasp.org/www-community/attacks/Log_Injection) &#xd;&#xa;WASC (https://webappsec.pbworks.com/Improper-Output-Handling) &#xd;&#xa;Supported Cleansers (https://help.veracode.com/reader/4EKhlLSMHm5jC8P8j3XccQ/IiF_rOE79ANbwnZwreSPGA)&#xd;&#xa;&#xd;&#xa;" note="" cweid="117" remediationeffort="2" exploitLevel="1" categoryid="21" pcirelated="true" date_first_occurrence="2022-01-05 05:18:24 UTC" remediation_status="New" cia_impact="npp" grace_period_expires="2022-01-05 05:32:18 UTC" affects_policy_compliance="true" mitigation_status="none" mitigation_status_desc="Not Mitigated" sourcefile="EditorModel.js" line="112" sourcefilepath="Strut-master/app/bundles/app/strut.editor/" scope="UNKNOWN" functionprototype="lambda_10(: any,  : any, ...) : any" functionrelativelocation="-1" /><flaw severity="3" categoryname="Improper Output Neutralization for Logs" count="1" issueid="8" module="JS files within Strut-master.zip" type="console.log" description="This call to console.log() could result in a log forging attack. Writing untrusted data into a log file allows an attacker to forge log entries or inject malicious content into log files. Corrupted log files can be used to cover an attacker's tracks or as a delivery mechanism for an attack on a log viewing or processing utility. For example, if a web administrator uses a browser-based utility to review logs, a cross-site scripting attack might be possible.&#xd;&#xa;&#xd;&#xa;Avoid directly embedding user input in log files when possible. Sanitize untrusted data used to construct log entries by using a safe logging mechanism such as the OWASP ESAPI Logger, which will automatically remove unexpected carriage returns and line feeds and can be configured to use HTML entity encoding for non-alphanumeric data. Alternatively, some of the XSS escaping functions from the OWASP Java Encoder project will also sanitize CRLF sequences. Only create a custom blocklist when absolutely necessary. Always validate untrusted input to ensure that it conforms to the expected format, using centralized data validation routines when possible.&#xd;&#xa;&#xd;&#xa;References: &#xd;&#xa;CWE (https://cwe.mitre.org/data/definitions/117.html) &#xd;&#xa;OWASP (https://owasp.org/www-community/attacks/Log_Injection) &#xd;&#xa;WASC (https://webappsec.pbworks.com/Improper-Output-Handling) &#xd;&#xa;Supported Cleansers (https://help.veracode.com/reader/4EKhlLSMHm5jC8P8j3XccQ/IiF_rOE79ANbwnZwreSPGA)&#xd;&#xa;&#xd;&#xa;" note="" cweid="117" remediationeffort="2" exploitLevel="1" categoryid="21" pcirelated="true" date_first_occurrence="2022-01-05 05:18:24 UTC" remediation_status="New" cia_impact="npp" grace_period_expires="2022-01-05 05:32:18 UTC" affects_policy_compliance="true" mitigation_status="none" mitigation_status_desc="Not Mitigated" sourcefile="IndexedDBShim.js" line="38" sourcefilepath="Strut-master/app/bundles/common/tantaman.web.remote_storage/impl/vendor/" scope="UNKNOWN" functionprototype="throwDOMException(: any,  : any,  : any,  : any, ...) : any" functionrelativelocation="-1"><exploitability_adjustments><exploitability_adjustment score_adjustment="0"><note>No explotability adjustment. For internal use.</note></exploitability_adjustment></exploitability_adjustments></flaw><flaw severity="3" categoryname="Improper Output Neutralization for Logs" count="1" issueid="9" module="JS files within Strut-master.zip" type="console.log" description="This call to console.log() could result in a log forging attack. Writing untrusted data into a log file allows an attacker to forge log entries or inject malicious content into log files. Corrupted log files can be used to cover an attacker's tracks or as a delivery mechanism for an attack on a log viewing or processing utility. For example, if a web administrator uses a browser-based utility to review logs, a cross-site scripting attack might be possible.&#xd;&#xa;&#xd;&#xa;Avoid directly embedding user input in log files when possible. Sanitize untrusted data used to construct log entries by using a safe logging mechanism such as the OWASP ESAPI Logger, which will automatically remove unexpected carriage returns and line feeds and can be configured to use HTML entity encoding for non-alphanumeric data. Alternatively, some of the XSS escaping functions from the OWASP Java Encoder project will also sanitize CRLF sequences. Only create a custom blocklist when absolutely necessary. Always validate untrusted input to ensure that it conforms to the expected format, using centralized data validation routines when possible.&#xd;&#xa;&#xd;&#xa;References: &#xd;&#xa;CWE (https://cwe.mitre.org/data/definitions/117.html) &#xd;&#xa;OWASP (https://owasp.org/www-community/attacks/Log_Injection) &#xd;&#xa;WASC (https://webappsec.pbworks.com/Improper-Output-Handling) &#xd;&#xa;Supported Cleansers (https://help.veracode.com/reader/4EKhlLSMHm5jC8P8j3XccQ/IiF_rOE79ANbwnZwreSPGA)&#xd;&#xa;&#xd;&#xa;" note="" cweid="117" remediationeffort="2" exploitLevel="1" categoryid="21" pcirelated="true" date_first_occurrence="2022-01-05 05:18:24 UTC" remediation_status="New" cia_impact="npp" grace_period_expires="2022-01-05 05:32:18 UTC" affects_policy_compliance="true" mitigation_status="none" mitigation_status_desc="Not Mitigated" sourcefile="main.js" line="19" sourcefilepath="Strut-master/app/bundles/app/strut.startup/" scope="UNKNOWN" functionprototype="lambda_3(: any,  : any,  : any, ...) : any" functionrelativelocation="-1" /><flaw severity="3" categoryname="Improper Output Neutralization for Logs" count="1" issueid="4" module="JS files within Strut-master.zip" type="console.log" description="This call to console.log() could result in a log forging attack. Writing untrusted data into a log file allows an attacker to forge log entries or inject malicious content into log files. Corrupted log files can be used to cover an attacker's tracks or as a delivery mechanism for an attack on a log viewing or processing utility. For example, if a web administrator uses a browser-based utility to review logs, a cross-site scripting attack might be possible.&#xd;&#xa;&#xd;&#xa;Avoid directly embedding user input in log files when possible. Sanitize untrusted data used to construct log entries by using a safe logging mechanism such as the OWASP ESAPI Logger, which will automatically remove unexpected carriage returns and line feeds and can be configured to use HTML entity encoding for non-alphanumeric data. Alternatively, some of the XSS escaping functions from the OWASP Java Encoder project will also sanitize CRLF sequences. Only create a custom blocklist when absolutely necessary. Always validate untrusted input to ensure that it conforms to the expected format, using centralized data validation routines when possible.&#xd;&#xa;&#xd;&#xa;References: &#xd;&#xa;CWE (https://cwe.mitre.org/data/definitions/117.html) &#xd;&#xa;OWASP (https://owasp.org/www-community/attacks/Log_Injection) &#xd;&#xa;WASC (https://webappsec.pbworks.com/Improper-Output-Handling) &#xd;&#xa;Supported Cleansers (https://help.veracode.com/reader/4EKhlLSMHm5jC8P8j3XccQ/IiF_rOE79ANbwnZwreSPGA)&#xd;&#xa;&#xd;&#xa;" note="" cweid="117" remediationeffort="2" exploitLevel="1" categoryid="21" pcirelated="true" date_first_occurrence="2022-01-05 05:18:24 UTC" remediation_status="New" cia_impact="npp" grace_period_expires="2022-01-05 05:32:18 UTC" affects_policy_compliance="true" mitigation_status="none" mitigation_status_desc="Not Mitigated" sourcefile="main.js" line="20" sourcefilepath="Strut-master/app/bundles/app/strut.startup/" scope="UNKNOWN" functionprototype="lambda_3(: any,  : any,  : any, ...) : any" functionrelativelocation="-1" /><flaw severity="3" categoryname="Improper Output Neutralization for Logs" count="1" issueid="7" module="JS files within Strut-master.zip" type="console.info" description="This call to console.info() could result in a log forging attack. Writing untrusted data into a log file allows an attacker to forge log entries or inject malicious content into log files. Corrupted log files can be used to cover an attacker's tracks or as a delivery mechanism for an attack on a log viewing or processing utility. For example, if a web administrator uses a browser-based utility to review logs, a cross-site scripting attack might be possible.&#xd;&#xa;&#xd;&#xa;Avoid directly embedding user input in log files when possible. Sanitize untrusted data used to construct log entries by using a safe logging mechanism such as the OWASP ESAPI Logger, which will automatically remove unexpected carriage returns and line feeds and can be configured to use HTML entity encoding for non-alphanumeric data. Alternatively, some of the XSS escaping functions from the OWASP Java Encoder project will also sanitize CRLF sequences. Only create a custom blocklist when absolutely necessary. Always validate untrusted input to ensure that it conforms to the expected format, using centralized data validation routines when possible.&#xd;&#xa;&#xd;&#xa;References: &#xd;&#xa;CWE (https://cwe.mitre.org/data/definitions/117.html) &#xd;&#xa;OWASP (https://owasp.org/www-community/attacks/Log_Injection) &#xd;&#xa;WASC (https://webappsec.pbworks.com/Improper-Output-Handling) &#xd;&#xa;Supported Cleansers (https://help.veracode.com/reader/4EKhlLSMHm5jC8P8j3XccQ/IiF_rOE79ANbwnZwreSPGA)&#xd;&#xa;&#xd;&#xa;" note="" cweid="117" remediationeffort="2" exploitLevel="1" categoryid="21" pcirelated="true" date_first_occurrence="2022-01-05 05:18:24 UTC" remediation_status="New" cia_impact="npp" grace_period_expires="2022-01-05 05:32:18 UTC" affects_policy_compliance="true" mitigation_status="none" mitigation_status_desc="Not Mitigated" sourcefile="webfinger.js" line="119" sourcefilepath="Strut-master/app/bundles/common/tantaman.web.remote_storage/impl/lib/" scope="UNKNOWN" functionprototype="fetchProfile(: any,  : any, ...) : any" functionrelativelocation="-1"><exploitability_adjustments><exploitability_adjustment score_adjustment="0"><note>No explotability adjustment. For internal use.</note></exploitability_adjustment></exploitability_adjustments></flaw><flaw severity="3" categoryname="Improper Output Neutralization for Logs" count="1" issueid="5" module="JS files within Strut-master.zip" type="console.info" description="This call to console.info() could result in a log forging attack. Writing untrusted data into a log file allows an attacker to forge log entries or inject malicious content into log files. Corrupted log files can be used to cover an attacker's tracks or as a delivery mechanism for an attack on a log viewing or processing utility. For example, if a web administrator uses a browser-based utility to review logs, a cross-site scripting attack might be possible.&#xd;&#xa;&#xd;&#xa;Avoid directly embedding user input in log files when possible. Sanitize untrusted data used to construct log entries by using a safe logging mechanism such as the OWASP ESAPI Logger, which will automatically remove unexpected carriage returns and line feeds and can be configured to use HTML entity encoding for non-alphanumeric data. Alternatively, some of the XSS escaping functions from the OWASP Java Encoder project will also sanitize CRLF sequences. Only create a custom blocklist when absolutely necessary. Always validate untrusted input to ensure that it conforms to the expected format, using centralized data validation routines when possible.&#xd;&#xa;&#xd;&#xa;References: &#xd;&#xa;CWE (https://cwe.mitre.org/data/definitions/117.html) &#xd;&#xa;OWASP (https://owasp.org/www-community/attacks/Log_Injection) &#xd;&#xa;WASC (https://webappsec.pbworks.com/Improper-Output-Handling) &#xd;&#xa;Supported Cleansers (https://help.veracode.com/reader/4EKhlLSMHm5jC8P8j3XccQ/IiF_rOE79ANbwnZwreSPGA)&#xd;&#xa;&#xd;&#xa;" note="" cweid="117" remediationeffort="2" exploitLevel="1" categoryid="21" pcirelated="true" date_first_occurrence="2022-01-05 05:18:24 UTC" remediation_status="New" cia_impact="npp" grace_period_expires="2022-01-05 05:32:18 UTC" affects_policy_compliance="true" mitigation_status="none" mitigation_status_desc="Not Mitigated" sourcefile="webfinger.js" line="172" sourcefilepath="Strut-master/app/bundles/common/tantaman.web.remote_storage/impl/lib/" scope="UNKNOWN" functionprototype="extractRemoteStorageLink(: any,  : any, ...) : any" functionrelativelocation="-1"><exploitability_adjustments><exploitability_adjustment score_adjustment="0"><note>No explotability adjustment. For internal use.</note></exploitability_adjustment></exploitability_adjustments></flaw></staticflaws></cwe></category><category categoryid="10" categoryname="Credentials Management" pcirelated="true"><desc><para text="Improper management of credentials, such as usernames and passwords, may compromise system security.  In particular, storing passwords in plaintext or hard-coding passwords directly into application code are design issues that cannot be easily remedied.  Not only does embedding a password allow all of the project's developers to view the password, it also makes fixing the problem extremely difficult.  Once the code is in production, the password cannot be changed without patching the software.  If a hard-coded password is compromised in a commercial product, all deployed instances may be vulnerable to attack, putting customers at risk." /><para text="One variation on hard-coding plaintext passwords is to hard-code a constant string which is the result of a cryptographic one-way hash.  For example, instead of storing the word &quot;secret,&quot; the application stores an MD5 hash of the word.  This is a common mechanism for obscuring hard-coded passwords from casual viewing but does not significantly reduce risk.  However, using cryptographic hashes for data stored outside the application code can be an effective practice." /></desc><recommendations><para text="Avoid storing passwords in easily accessible locations, and never store any type of sensitive data in plaintext.  Avoid using hard-coded usernames, passwords, or hash constants whenever possible, particularly in relation to security-critical components.   Store passwords out-of-band from the application code.  Follow best practices for protecting credentials stored in alternate locations such as configuration or properties files." /></recommendations><cwe cweid="259" cwename="Use of Hard-coded Password" pcirelated="true" owasp="1353" owasp2013="930" sans="798" owaspmobile="3034" certjava="1152"><description><text text="A method uses a hard-coded password that may compromise system security in a way that cannot be easily remedied.  The use of a hard-coded password significantly increases the possibility that the account being protected will be compromised.  Moreover, the password cannot be changed without patching the software.  If a hard-coded password is compromised in a commercial product, all deployed instances may be vulnerable to attack." /></description><staticflaws><flaw severity="3" categoryname="Use of Hard-coded Password" count="1" issueid="11" module="JS files within Strut-master.zip" type="set" description="This variable assignment uses a hard-coded password that may compromise system security in a way that cannot be easily remedied. The use of a hard-coded password significantly increases the possibility that the account being protected will be compromised. Moreover, the password cannot be changed without patching the software. If a hard-coded password is compromised in a commercial product, all deployed instances may be vulnerable to attack. In some cases, this finding may indicate a reference to a password (e.g. the name of a key in a properties file) rather than an actual password. set&#xd;&#xa;&#xd;&#xa;Store passwords out-of-band from the application code. Follow best practices for protecting credentials stored in locations such as configuration or properties files. An HSM may be appropriate for particularly sensitive credentials.&#xd;&#xa;&#xd;&#xa;References: &#xd;&#xa;CWE (https://cwe.mitre.org/data/definitions/259.html)&#xd;&#xa;&#xd;&#xa;" note="" cweid="259" remediationeffort="4" exploitLevel="1" categoryid="10" pcirelated="true" date_first_occurrence="2022-01-05 05:18:24 UTC" remediation_status="New" cia_impact="ppn" grace_period_expires="2022-01-05 05:32:18 UTC" affects_policy_compliance="true" mitigation_status="none" mitigation_status_desc="Not Mitigated" sourcefile="getputdelete.js" line="33" sourcefilepath="Strut-master/app/bundles/common/tantaman.web.remote_storage/impl/lib/" scope="UNKNOWN" functionprototype="lambda_2(: any,  : any, ...) : any" functionrelativelocation="-1" /></staticflaws></cwe></category><category categoryid="20" categoryname="Cross-Site Scripting (XSS)" pcirelated="true"><desc><para text="Cross-site scripting (XSS) attacks occur when an attacker uses a web application to send malicious code, generally in the form of a browser side script, to a different end user. Flaws that allow these attacks to succeed occur whenever a web application uses untrusted data in the output it generates without validating or encoding it.  XSS vulnerabilities are commonly exploited to steal or manipulate cookies, modify presentation of content, and compromise sensitive information, with new attack vectors being discovered on a regular basis.  XSS is also commonly referred to as HTML injection." /><para text="XSS vulnerabilities can be either persistent or transient (often referred to as stored and reflected, respectively).  In a persistent XSS vulnerability, the injected code is stored by the application, for example within a blog comment or message board.  The attack occurs whenever a victim views the page containing the malicious script.  In a transient XSS vulnerability, the injected code is included directly in the HTTP request.  These attacks are often carried out via malicious URLs sent via email or another website and requires the victim to browse to that link.  The consequence of an XSS attack to a victim is the same regardless of whether it is persistent or transient; however, persistent XSS vulnerabilities are likely to affect a greater number of victims due to its delivery mechanism." /></desc><recommendations><para text="Several techniques can be used to prevent XSS attacks. These techniques complement each other and address security at different points in the application. Using multiple techniques provides defense-in-depth and minimizes the likelihood of a XSS vulnerability."><bulletitem text="Use output filtering to sanitize all output generated from user-supplied input, selecting the appropriate method of encoding based on the use case of the untrusted data.  For example, if the data is being written to the body of an HTML page, use HTML entity encoding.  However, if the data is being used to construct generated Javascript or if it is consumed by client-side methods that may interpret it as code (a common technique in Web 2.0 applications), additional restrictions may be necessary beyond simple HTML encoding." /><bulletitem text="Validate user-supplied input using positive filters (white lists) to ensure that it conforms to the expected format, using centralized data validation routines when possible. " /><bulletitem text="Do not permit users to include HTML content in posts, notes, or other data that will be displayed by the application.  If users are permitted to include HTML tags, then carefully limit access to specific elements or attributes, and use strict validation filters to prevent abuse." /></para></recommendations><cwe cweid="80" cwename="Improper Neutralization of Script-Related HTML Tags in a Web Page (Basic XSS)" pcirelated="true" owasp="1347" owasp2013="931" sans="79" owaspmobile="3037"><description><text text="This call contains a cross-site scripting (XSS) flaw.  The application populates the HTTP response with untrusted input, allowing an attacker to embed malicious content, such as Javascript code, which will be executed in the context of the victim's browser.  XSS vulnerabilities are commonly exploited to steal or manipulate cookies, modify presentation of content, and compromise confidential information, with new attack vectors being discovered on a regular basis." /></description><staticflaws><flaw severity="3" categoryname="Improper Neutralization of Script-Related HTML Tags in a Web Page (Basic XSS)" count="1" issueid="1" module="JS files within Strut-master.zip" type="outerHTML" description="This call to outerHTML() contains a cross-site scripting (XSS) flaw. The application populates the HTTP response with untrusted input, allowing an attacker to embed malicious content, such as Javascript code, which will be executed in the context of the victim's browser. XSS vulnerabilities are commonly exploited to steal or manipulate cookies, modify presentation of content, and compromise confidential information, with new attack vectors being discovered on a regular basis.&#xd;&#xa;&#xd;&#xa;Use contextual escaping on all untrusted data before using it to construct any portion of an HTTP response. The escaping method should be chosen based on the specific use case of the untrusted data, otherwise it may not protect fully against the attack. For example, if the data is being written to the body of an HTML page, use HTML entity escaping; if the data is being written to an attribute, use attribute escaping; etc. Both the OWASP Java Encoder library and the Microsoft AntiXSS library provide contextual escaping methods. For more details on contextual escaping, see https://github.com/OWASP/CheatSheetSeries/blob/master/cheatsheets/Cross_Site_Scripting_Prevention_Cheat_Sheet.md. In addition, as a best practice, always validate untrusted input to ensure that it conforms to the expected format, using centralized data validation routines when possible.&#xd;&#xa;&#xd;&#xa;References: &#xd;&#xa;CWE (https://cwe.mitre.org/data/definitions/79.html) &#xd;&#xa;OWASP (https://www.owasp.org/index.php/XSS) &#xd;&#xa;WASC (https://webappsec.pbworks.com/Cross-Site-Scripting) &#xd;&#xa;Supported Cleansers (https://help.veracode.com/reader/4EKhlLSMHm5jC8P8j3XccQ/IiF_rOE79ANbwnZwreSPGA)&#xd;&#xa;&#xd;&#xa;" note="" cweid="80" remediationeffort="3" exploitLevel="1" categoryid="20" pcirelated="true" date_first_occurrence="2022-01-05 05:18:24 UTC" remediation_status="New" cia_impact="ppn" grace_period_expires="2022-01-05 05:32:18 UTC" affects_policy_compliance="true" mitigation_status="none" mitigation_status_desc="Not Mitigated" sourcefile="markdown.js" line="134" sourcefilepath="Strut-master/app/preview_export/reveal/plugin/markdown/" scope="UNKNOWN" functionprototype="lambda_7(: any, ...) : any" functionrelativelocation="-1" /><flaw severity="3" categoryname="Improper Neutralization of Script-Related HTML Tags in a Web Page (Basic XSS)" count="1" issueid="3" module="JS files within Strut-master.zip" type="innerHTML" description="This call to innerHTML() contains a cross-site scripting (XSS) flaw. The application populates the HTTP response with untrusted input, allowing an attacker to embed malicious content, such as Javascript code, which will be executed in the context of the victim's browser. XSS vulnerabilities are commonly exploited to steal or manipulate cookies, modify presentation of content, and compromise confidential information, with new attack vectors being discovered on a regular basis.&#xd;&#xa;&#xd;&#xa;Use contextual escaping on all untrusted data before using it to construct any portion of an HTTP response. The escaping method should be chosen based on the specific use case of the untrusted data, otherwise it may not protect fully against the attack. For example, if the data is being written to the body of an HTML page, use HTML entity escaping; if the data is being written to an attribute, use attribute escaping; etc. Both the OWASP Java Encoder library and the Microsoft AntiXSS library provide contextual escaping methods. For more details on contextual escaping, see https://github.com/OWASP/CheatSheetSeries/blob/master/cheatsheets/Cross_Site_Scripting_Prevention_Cheat_Sheet.md. In addition, as a best practice, always validate untrusted input to ensure that it conforms to the expected format, using centralized data validation routines when possible.&#xd;&#xa;&#xd;&#xa;References: &#xd;&#xa;CWE (https://cwe.mitre.org/data/definitions/79.html) &#xd;&#xa;OWASP (https://www.owasp.org/index.php/XSS) &#xd;&#xa;WASC (https://webappsec.pbworks.com/Cross-Site-Scripting) &#xd;&#xa;Supported Cleansers (https://help.veracode.com/reader/4EKhlLSMHm5jC8P8j3XccQ/IiF_rOE79ANbwnZwreSPGA)&#xd;&#xa;&#xd;&#xa;" note="" cweid="80" remediationeffort="3" exploitLevel="1" categoryid="20" pcirelated="true" date_first_occurrence="2022-01-05 05:18:24 UTC" remediation_status="New" cia_impact="ppn" grace_period_expires="2022-01-05 05:32:18 UTC" affects_policy_compliance="true" mitigation_status="none" mitigation_status_desc="Not Mitigated" sourcefile="notes.html" line="181" sourcefilepath="Strut-master/app/preview_export/reveal/plugin/notes/" scope="UNKNOWN" functionprototype="lambda_2(: any,  : any, ...) : any" functionrelativelocation="-1" /></staticflaws></cwe></category><category categoryid="12" categoryname="Cryptographic Issues" pcirelated="true"><desc><para text="Applications commonly use cryptography to implement authentication mechanisms and to ensure the confidentiality and integrity of sensitive data, both in transit and at rest.  The proper and accurate implementation of cryptography is extremely critical to its efficacy.  Configuration or coding mistakes as well as incorrect assumptions may negate a large degree of the protection it affords, leaving the crypto implementation vulnerable to attack." /><para text="Common cryptographic mistakes include, but are not limited to, selecting weak keys or weak cipher modes, unintentionally exposing sensitive cryptographic data, using predictable entropy sources, and mismanaging or hard-coding keys.  " /><para text="Developers often make the dangerous assumption that they can improve security by designing their own cryptographic algorithm; however, one of the basic tenets of cryptography is that any cipher whose effectiveness is reliant on the secrecy of the algorithm is fundamentally flawed.  " /></desc><recommendations><para text="Select the appropriate type of cryptography for the intended purpose.  Avoid proprietary encryption algorithms as they typically rely on &quot;security through obscurity&quot; rather than sound mathematics.  Select key sizes appropriate for the data being protected; for high assurance applications, 256-bit symmetric keys and 2048-bit asymmetric keys are sufficient.  Follow best practices for key storage, and ensure that plaintext data and key material are not inadvertently exposed." /></recommendations><cwe cweid="327" cwename="Use of a Broken or Risky Cryptographic Algorithm" pcirelated="true" owasp="1346" owasp2013="934" sans="866" owaspmobile="3035" certc="1170" certcpp="883" certjava="1152"><description><text text="The use of a broken or risky cryptographic algorithm is an unnecessary risk that may result in the disclosure of sensitive information." /></description><staticflaws><flaw severity="3" categoryname="Use of a Broken or Risky Cryptographic Algorithm" count="1" issueid="14" module="JS files within Strut-master.zip" type="crypto.createCipher" description="This cryptographic object is initialized with cipher 'blowfish', which uses a known risky cryptographic algorithm. While it was once considered a strong algorithm, it is now regarded as insufficient in light of computational advances.&#xd;&#xa;&#xd;&#xa;Use a stronger cryptographic scheme by consulting latest cryptographic literature. For e.g. use AES instead of Triple-DES block cipher algorithm, use authenticated encryption modes such as GCM, use ChaCha20 or RSA instead of RC family of stream ciphers. For storaging passwords use one of the well vetted algorithms such as pbkdf2, bcrypt, scrypt or Argon2.&#xd;&#xa;&#xd;&#xa;References: &#xd;&#xa;CWE (https://cwe.mitre.org/data/definitions/327.html)&#xd;&#xa;NIST SP 800-131, Table 1 (https://nvlpubs.nist.gov/nistpubs/SpecialPublications/NIST.SP.800-131Ar2.pdf)&#xd;&#xa;&#xd;&#xa;" note="" cweid="327" remediationeffort="1" exploitLevel="1" categoryid="12" pcirelated="true" date_first_occurrence="2022-01-05 05:18:24 UTC" remediation_status="New" cia_impact="ppn" grace_period_expires="2022-01-05 05:32:18 UTC" affects_policy_compliance="true" mitigation_status="none" mitigation_status_desc="Not Mitigated" sourcefile="index.js" line="44" sourcefilepath="Strut-master/app/preview_export/reveal/plugin/multiplex/" scope="UNKNOWN" functionprototype="lambda_7(: any,  : any, ...) : any" functionrelativelocation="-1" /></staticflaws></cwe></category><category categoryid="25" categoryname="Insufficient Input Validation" pcirelated="true"><desc><para text="Weaknesses in this category are related to an absent or incorrect protection mechanism that fails to properly validate input that can affect the control flow or data flow of a program." /></desc><recommendations><para text="Validate input from untrusted sources before it is used. The untrusted data sources may include HTTP requests, file systems, databases, and any external systems that provide data to the application. In the case of HTTP requests, validate all parts of the request, including headers, form fields, cookies, and URL components that are used to transfer information from the browser to the server side application." /><para text="Duplicate any client-side checks on the server side. This should be simple to implement in terms of time and difficulty, and will greatly reduce the likelihood of insecure parameter values being used in the application." /></recommendations><cwe cweid="601" cwename="URL Redirection to Untrusted Site ('Open Redirect')" pcirelated="true" owasp="1345" owasp2013="938" sans="864" owaspmobile="3033"><description><text text="A web application accepts a untrusted input that specifies a link to an external site, and uses that link to generate a redirect.  This enables phishing attacks." /></description><staticflaws><flaw severity="3" categoryname="URL Redirection to Untrusted Site ('Open Redirect')" count="1" issueid="6" module="JS files within Strut-master.zip" type="location" description="This call to location() contains a URL redirection to untrusted site flaw. Writing untrusted input into a URL value could cause the web application to redirect the request to the specified URL, leading to phishing attempts to steal user credentials.&#xd;&#xa;&#xd;&#xa;Always validate untrusted input to ensure that it conforms to the expected format, using centralized data validation routines when possible.&#xd;&#xa;&#xd;&#xa;References: &#xd;&#xa;CWE (https://cwe.mitre.org/data/definitions/601.html) &#xd;&#xa;OWASP (https://github.com/OWASP/CheatSheetSeries/blob/master/cheatsheets/Unvalidated_Redirects_and_Forwards_Cheat_Sheet.md) &#xd;&#xa;WASC (https://webappsec.pbworks.com/URL-Redirector-Abuse)&#xd;&#xa;&#xd;&#xa;" note="" cweid="601" remediationeffort="2" exploitLevel="1" categoryid="25" pcirelated="true" date_first_occurrence="2022-01-05 05:18:24 UTC" remediation_status="New" cia_impact="ppn" grace_period_expires="2022-01-05 05:32:18 UTC" affects_policy_compliance="true" mitigation_status="none" mitigation_status_desc="Not Mitigated" sourcefile="default.js" line="465" sourcefilepath="Strut-master/app/bundles/common/tantaman.web.remote_storage/impl/lib/widget/" scope="UNKNOWN" functionprototype="setLocation(: any,  : any, ...) : any" functionrelativelocation="-1" /><flaw severity="3" categoryname="URL Redirection to Untrusted Site ('Open Redirect')" count="1" issueid="10" module="JS files within Strut-master.zip" type="XMLHttpRequest.open" description="This call to XMLHttpRequest.open() contains a URL redirection to untrusted site flaw. Writing untrusted input into a URL value could cause the web application to redirect the request to the specified URL, leading to phishing attempts to steal user credentials.&#xd;&#xa;&#xd;&#xa;Always validate untrusted input to ensure that it conforms to the expected format, using centralized data validation routines when possible.&#xd;&#xa;&#xd;&#xa;References: &#xd;&#xa;CWE (https://cwe.mitre.org/data/definitions/601.html) &#xd;&#xa;OWASP (https://github.com/OWASP/CheatSheetSeries/blob/master/cheatsheets/Unvalidated_Redirects_and_Forwards_Cheat_Sheet.md) &#xd;&#xa;WASC (https://webappsec.pbworks.com/URL-Redirector-Abuse)&#xd;&#xa;&#xd;&#xa;" note="" cweid="601" remediationeffort="2" exploitLevel="1" categoryid="25" pcirelated="true" date_first_occurrence="2022-01-05 05:18:24 UTC" remediation_status="New" cia_impact="ppn" grace_period_expires="2022-01-05 05:32:18 UTC" affects_policy_compliance="true" mitigation_status="none" mitigation_status_desc="Not Mitigated" sourcefile="platform.js" line="137" sourcefilepath="Strut-master/app/bundles/common/tantaman.web.remote_storage/impl/lib/" scope="UNKNOWN" functionprototype="lambda_2(: any,  : any, ...) : any" functionrelativelocation="-1"><exploitability_adjustments><exploitability_adjustment score_adjustment="0"><note>No explotability adjustment. For internal use.</note></exploitability_adjustment></exploitability_adjustments></flaw></staticflaws></cwe></category></severity><severity level="2" /><severity level="1" /><severity level="0" /><flaw-status new="15" reopen="0" open="0" fixed="0" total="15" not_mitigated="15" sev-1-change="0" sev-2-change="0" sev-3-change="14" sev-4-change="0" sev-5-change="1" /><customfields><customfield name="Custom 1" value="" /><customfield name="Custom 2" value="" /><customfield name="Custom 3" value="" /><customfield name="Custom 4" value="" /><customfield name="Custom 5" value="" /><customfield name="Custom 6" value="" /><customfield name="Custom 7" value="" /><customfield name="Custom 8" value="" /><customfield name="Custom 9" value="" /><customfield name="Custom 10" value="" /></customfields></detailedreport>