"Exposure ID","Description","Status","Component","Category","Impact","Effort","Abbreviation","Outcome 1","Outcome 2","Outcome 3","Outcome 4","Standard 1","Standard 2","Standard 3","Standard 4","Standard 5","Standard 6","Standard 7","Standard 8","Standard 9","Standard 10","Standard 11","Standard 12","Standard 13","Standard 14","Standard 15","Standard 16","Standard 17","Standard 18","Standard 19","Standard 20","Component 1"
"EXP-119","Update servers are not restricted to a well-known, verified set","OK","Linux","Software","Low","High","REQ.OS.LINUX.UPDATE.KNOWN-SERVERS","Malicious update","Remote data corruption","","","ASVS","CSDE","ENISA Baseline","ETSI TS 103 645","ETSI TS 303 645","GSMA","ISA/IEC 62443-EDSA 3.0.0 SDLA-312","NISTIR 8259 A","NIST SP800-171","UNECE WP.29","","","","","","","","","","","apt"
"EXP-879","APT is not configured to verify update signatures before installing","OK","Linux","Software","High","Medium","REQ.OS.LINUX.UPDATE.VERIFY-APT-SETTINGS","Malicious update","Traffic manipulation","","","ASVS","CIS Benchmarks Linux","CSDE","CTIA","ETSI TS 103 645","ETSI TS 303 645","FDA Premarket Submissions","GSMA","IEC 62443-4-1","IEC 62443-4-2","ISA/IEC 62443-EDSA 3.0.0 CSA-311","ISA/IEC 62443-EDSA 3.0.0 SDLA-312","NISTIR 8259 A","OWASP IoT Top 10","UL 2900-1","UL 2900-2-1","UL 2900-2-2","UL 2900-2-3","UL MCV 1376","UNECE WP.29","apt"
"EXP-1470","Potential malicious access to sensitive files detected (Python)","OK","","Software","High","Medium","REQ.PYTHON.SUPPLY-CHAIN.SENSITIVE-FILES","Credential extraction","","","","Vdoo Only","","","","","","","","","","","","","","","","","","","",""
"EXP-1471","Potential malicious shell spawning (Python)","OK","Python","Software","High","Medium","REQ.PYTHON.SUPPLY-CHAIN.SPAWN-SHELL","Device hijacking","Impact on physical world","Malicious code execution","Remote exploitation","Vdoo Only","","","","","","","","","","","","","","","","","","","",""
"EXP-1472","Found piping of process I/O to network (Python)","OK","Python","Software","High","Medium","REQ.PYTHON.SUPPLY-CHAIN.PROCESS-NETWORK-INPUT","Malicious code execution","Remote exploitation","","","Vdoo Only","","","","","","","","","","","","","","","","","","","",""
"EXP-1473","Found call to eval that uses external input (Python)","OK","Python","Software","High","Medium","REQ.PYTHON.SUPPLY-CHAIN.EVAL","Malicious code execution","Remote exploitation","","","Vdoo Only","","","","","","","","","","","","","","","","","","","",""
"EXP-1474","Self-signed certificates found","TO FIX","","Cryptography","Medium","Medium","REQ.CERT.NO-SELF-SIGNED","Traffic interception","Traffic manipulation","","","Vdoo Only","","","","","","","","","","","","","","","","","","","",""
"EXP-1510","Found Unicode bidirectional control characters in source files","OK","","Software","Medium","Low","REQ.GEN.SOURCE.NO-BIDI","Malicious code execution","","","","Vdoo Only","","","","","","","","","","","","","","","","","","","",""
"EXP-1511","Found Unicode homoglyph characters in source files","OK","","Software","Medium","Low","REQ.GEN.SOURCE.NO-HOMOGLYPH","Malicious code execution","","","","Vdoo Only","","","","","","","","","","","","","","","","","","","",""
