"Issued To","Issued By","Valid From","Valid Until","File Path","Intended Purposes","Exposures","Fingerprint","Serial Number","Public Key Algorithm","Public Key size"
"AAA Certificate Services","AAA Certificate Services","2004-01-01","2028-12-31","/usr/share/ca-certificates/mozilla/Comodo_AAA_Services_root.crt","","2","d1eb23a46d17d68fd92564c2f1f1601764d8e349","1","_RSAPublicKey","2048"
"ACCVRAIZ1","ACCVRAIZ1","2011-05-05","2030-12-31","/etc/ssl/certs/ca-certificates.crt","","2","93057a8815c64fce882ffa9116522878bc536417","6828503384748696800","_RSAPublicKey","4096"
"AC Raíz Certicámara S.A.","AC Raíz Certicámara S.A.","2006-11-27","2030-04-02","/usr/share/ca-certificates/mozilla/AC_Raíz_Certicámara_S.A..crt","","2","cba1c5f8b0e35eb8b94512d3f934a2e90610d336","38908203973182606954752843738508300","_RSAPublicKey","4096"
"Actalis Authentication Root CA","Actalis Authentication Root CA","2011-09-22","2030-09-22","/usr/share/ca-certificates/mozilla/Actalis_Authentication_Root_CA.crt","","1","f373b387065a28848af2f34ace192bddc78e9cac","6271844772424770508","_RSAPublicKey","4096"
"AddTrust Class 1 CA Root","AddTrust Class 1 CA Root","2000-05-30","2020-05-30","/usr/share/ca-certificates/mozilla/AddTrust_Low-Value_Services_Root.crt","","3","ccab0ea04c2301d6697bdd379fcd12eb24e3949d","1","_RSAPublicKey","2048"
"AddTrust External CA Root","AddTrust External CA Root","2000-05-30","2020-05-30","/usr/share/ca-certificates/mozilla/AddTrust_External_Root.crt","","3","02faf3e291435468607857694df5e45b68851868","1","_RSAPublicKey","2048"
"AffirmTrust Commercial","AffirmTrust Commercial","2010-01-29","2030-12-31","/usr/share/ca-certificates/mozilla/AffirmTrust_Commercial.crt","","1","f9b5b632455f9cbeec575f80dce96e2cc7b278b7","8608355977964138876","_RSAPublicKey","2048"
"AffirmTrust Networking","AffirmTrust Networking","2010-01-29","2030-12-31","/usr/share/ca-certificates/mozilla/AffirmTrust_Networking.crt","","2","293621028b20ed02f566c532d1d6ed909f45002f","8957382827206547757","_RSAPublicKey","2048"
"AffirmTrust Premium","AffirmTrust Premium","2010-01-29","2040-12-31","/usr/share/ca-certificates/mozilla/AffirmTrust_Premium.crt","","1","d8a6332ce0036fb185f6634f7d6a066526322827","7893706540734352110","_RSAPublicKey","4096"
"AffirmTrust Premium ECC","AffirmTrust Premium ECC","2010-01-29","2040-12-31","/usr/share/ca-certificates/mozilla/AffirmTrust_Premium_ECC.crt","","1","b8236b002f1d16865301556c11a437caebffc3bb","8401224907861490260","_EllipticCurvePublicKey","384"
"Amazon Root CA 1","Amazon Root CA 1","2015-05-26","2038-01-17","/usr/share/ca-certificates/mozilla/Amazon_Root_CA_1.crt","","1","8da7f965ec5efc37910f1c6e59fdc1cc6a6ede16","143266978916655856878034712317230054538369994","_RSAPublicKey","2048"
"Amazon Root CA 2","Amazon Root CA 2","2015-05-26","2040-05-26","/usr/share/ca-certificates/mozilla/Amazon_Root_CA_2.crt","","1","5a8cef45d7a69859767a8c8b4496b578cf474b1a","143266982885963551818349160658925006970653239","_RSAPublicKey","4096"
"Amazon Root CA 3","Amazon Root CA 3","2015-05-26","2040-05-26","/usr/share/ca-certificates/mozilla/Amazon_Root_CA_3.crt","","1","0d44dd8c3c8c1a1a58756481e90f2e2affb3d26e","143266986699090766294700635381230934788665930","_EllipticCurvePublicKey","256"
"Amazon Root CA 4","Amazon Root CA 4","2015-05-26","2040-05-26","/usr/share/ca-certificates/mozilla/Amazon_Root_CA_4.crt","","1","f6108407d6f8bb67980cc2e244c2ebae1cef63be","143266989758080763974105200630763877849284878","_EllipticCurvePublicKey","384"
"Atos TrustedRoot 2011","Atos TrustedRoot 2011","2011-07-07","2030-12-31","/usr/share/ca-certificates/mozilla/Atos_TrustedRoot_2011.crt","","1","2bb1f53e550c1dc5f1d4e6b76a464b550602ac21","6643877497813316402","_RSAPublicKey","2048"
"Autoridad de Certificacion Firmaprofesional CIF A62634068","Autoridad de Certificacion Firmaprofesional CIF A62634068","2009-05-20","2030-12-31","/usr/share/ca-certificates/mozilla/Autoridad_de_Certificacion_Firmaprofesional_CIF_A62634068.crt","","2","aec5fb3fc8e1bfc4e54f03075a9ae800b7f7b6fa","6047274297262753887","_RSAPublicKey","4096"
"Baltimore CyberTrust Root","Baltimore CyberTrust Root","2000-05-12","2025-05-12","/usr/share/ca-certificates/mozilla/Baltimore_CyberTrust_Root.crt","","2","d4de20d05e66fc53fe1a50882c78db2852cae474","33554617","_RSAPublicKey","2048"
"Buypass Class 2 Root CA","Buypass Class 2 Root CA","2010-10-26","2040-10-26","/usr/share/ca-certificates/mozilla/Buypass_Class_2_Root_CA.crt","","1","490a7574de870a47fe58eef6c76bebc60b124099","2","_RSAPublicKey","4096"
"Buypass Class 3 Root CA","Buypass Class 3 Root CA","2010-10-26","2040-10-26","/usr/share/ca-certificates/mozilla/Buypass_Class_3_Root_CA.crt","","1","dafaf7fa6684ec068f1450bdc7c281a5bca96457","2","_RSAPublicKey","4096"
"CA Disig Root R2","CA Disig Root R2","2012-07-19","2042-07-19","/usr/share/ca-certificates/mozilla/CA_Disig_Root_R2.crt","","1","b561ebeaa4dee4254b691a98a55747c234c7d971","10572350602393338211","_RSAPublicKey","4096"
"Certigna","Certigna","2007-06-29","2027-06-29","/usr/share/ca-certificates/mozilla/Certigna.crt","","2","b12e13634586a46f1ab2606837582dc4acfd9497","18364802974209362175","_RSAPublicKey","2048"
"Certinomis - Root CA","Certinomis - Root CA","2013-10-21","2033-10-21","/usr/share/ca-certificates/mozilla/Certinomis_-_Root_CA.crt","","1","9d70bb01a5a4a018112ef71c01b932c534e788a8","1","_RSAPublicKey","4096"
"Certplus Root CA G1","Certplus Root CA G1","2014-05-26","2038-01-15","/usr/share/ca-certificates/mozilla/Certplus_Root_CA_G1.crt","","1","22fdd0b7fda24e0dac492ca0aca67b6a1fe3f766","1491911565779898356709731176965615564637713","_RSAPublicKey","4096"
"Certplus Root CA G2","Certplus Root CA G2","2014-05-26","2038-01-15","/usr/share/ca-certificates/mozilla/Certplus_Root_CA_G2.crt","","1","4f658e1fe906d82802e9544741c954255d69cc1a","1492087096131536844209563509228951875861589","_EllipticCurvePublicKey","384"
"Certum CA","Certum CA","2002-06-11","2027-06-11","/usr/share/ca-certificates/mozilla/Certum_Root_CA.crt","","2","6252dc40f71143a22fde9ef7348e064251b18118","65568","_RSAPublicKey","2048"
"Certum Trusted Network CA","Certum Trusted Network CA","2008-10-22","2029-12-31","/usr/share/ca-certificates/mozilla/Certum_Trusted_Network_CA.crt","","2","07e032e020b72c3f192f0628a2593a19a70f069e","279744","_RSAPublicKey","2048"
"Certum Trusted Network CA 2","Certum Trusted Network CA 2","2011-10-06","2046-10-06","/usr/share/ca-certificates/mozilla/Certum_Trusted_Network_CA_2.crt","","1","d3dd483e2bbf4c05e8af10f5fa7626cfd3dc3092","44979900017204383099463764357512596969","_RSAPublicKey","4096"
"CFCA EV ROOT","CFCA EV ROOT","2012-08-08","2029-12-31","/usr/share/ca-certificates/mozilla/CFCA_EV_ROOT.crt","","1","e2b8294b5584ab6b58c290466cac3fb8398f8483","407555286","_RSAPublicKey","4096"
"Chambers of Commerce Root","Chambers of Commerce Root","2003-09-30","2037-09-30","/usr/share/ca-certificates/mozilla/Camerfirma_Chambers_of_Commerce_Root.crt","","2","6e3a55a4190c195c93843cc0db722e313061f0b1","0","_RSAPublicKey","2048"
"Chambers of Commerce Root - 2008","Chambers of Commerce Root - 2008","2008-08-01","2038-07-31","/usr/share/ca-certificates/mozilla/Chambers_of_Commerce_Root_-_2008.crt","","2","786a74ac76ab147f9c6a3050ba9ea87efe9ace3c","11806822484801597146","_RSAPublicKey","4096"
"Class 2 Primary CA","Class 2 Primary CA","1999-07-07","2019-07-06","/usr/share/ca-certificates/mozilla/Certplus_Class_2_Primary_CA.crt","","3","74207441729cdd92ec7931d823108dc28192e2bb","177770208045934040241468760488327595043","_RSAPublicKey","2048"
"COMODO Certification Authority","COMODO Certification Authority","2006-12-01","2029-12-31","/usr/share/ca-certificates/mozilla/COMODO_Certification_Authority.crt","","2","6631bf9ef74f9eb6c9d5a60cba6abed1f7bdef7b","104350513648249232941998508985834464573","_RSAPublicKey","2048"
"COMODO ECC Certification Authority","COMODO ECC Certification Authority","2008-03-06","2038-01-18","/usr/share/ca-certificates/mozilla/COMODO_ECC_Certification_Authority.crt","","1","9f744e9f2b4dbaec0f312c50b6563b8e2d93c311","41578283867086692638256921589707938090","_EllipticCurvePublicKey","384"
"COMODO RSA Certification Authority","COMODO RSA Certification Authority","2010-01-19","2038-01-18","/usr/share/ca-certificates/mozilla/COMODO_RSA_Certification_Authority.crt","","1","afe5d244a8d1194230ff479fe2f897bbcd7a8cb4","101909084537582093308941363524873193117","_RSAPublicKey","4096"
"ComSign CA","ComSign CA","2004-03-24","2029-03-19","/usr/share/ca-certificates/mozilla/ComSign_CA.crt","","2","e1a45b141a21da1a79f41a42a961d669cd0634c1","26686266302633440650041100291258414916","_RSAPublicKey","2048"
"Cybertrust Global Root","Cybertrust Global Root","2006-12-15","2021-12-15","/usr/share/ca-certificates/mozilla/Cybertrust_Global_Root.crt","","3","5f43e5b1bff8788cac1cc7ca4a9ac6222bcc34c6","4835703278459682877484360","_RSAPublicKey","2048"
"Deutsche Telekom Root CA 2","Deutsche Telekom Root CA 2","1999-07-09","2019-07-09","/usr/share/ca-certificates/mozilla/Deutsche_Telekom_Root_CA_2.crt","","3","85a408c09c193e5d51587dcdd61330fd8cde37bf","38","_RSAPublicKey","2048"
"DigiCert Assured ID Root CA","DigiCert Assured ID Root CA","2006-11-10","2031-11-10","/usr/share/ca-certificates/mozilla/DigiCert_Assured_ID_Root_CA.crt","","2","0563b8630d62d75abbc8ab1e4bdfb5a899b24d43","17154717934120587862167794914071425081","_RSAPublicKey","2048"
"DigiCert Assured ID Root G2","DigiCert Assured ID Root G2","2013-08-01","2038-01-15","/usr/share/ca-certificates/mozilla/DigiCert_Assured_ID_Root_G2.crt","","1","a14b48d943ee0a0e40904f3ce0a4c09193515d3f","15385348160840213938643033620894905419","_RSAPublicKey","2048"
"DigiCert Assured ID Root G3","DigiCert Assured ID Root G3","2013-08-01","2038-01-15","/usr/share/ca-certificates/mozilla/DigiCert_Assured_ID_Root_G3.crt","","1","f517a24f9a48c6c9f8a200269fdc0f482cab3089","15459312981008553731928384953135426796","_EllipticCurvePublicKey","384"
"DigiCert Global Root CA","DigiCert Global Root CA","2006-11-10","2031-11-10","/usr/share/ca-certificates/mozilla/DigiCert_Global_Root_CA.crt","","2","a8985d3a65e5e5c4b2d7d66d40c6dd2fb19c5436","10944719598952040374951832963794454346","_RSAPublicKey","2048"
"DigiCert Global Root G2","DigiCert Global Root G2","2013-08-01","2038-01-15","/usr/share/ca-certificates/mozilla/DigiCert_Global_Root_G2.crt","","1","df3c24f9bfd666761b268073fe06d1cc8d4f82a4","4293743540046975378534879503202253541","_RSAPublicKey","2048"
"DigiCert Global Root G3","DigiCert Global Root G3","2013-08-01","2038-01-15","/usr/share/ca-certificates/mozilla/DigiCert_Global_Root_G3.crt","","1","7e04de896a3e666d00e687d33ffad93be83d349e","7089244469030293291760083333884364146","_EllipticCurvePublicKey","384"
"DigiCert High Assurance EV Root CA","DigiCert High Assurance EV Root CA","2006-11-10","2031-11-10","/usr/share/ca-certificates/mozilla/DigiCert_High_Assurance_EV_Root_CA.crt","","2","5fb7ee0633e259dbad0c4c9ae6d38f1a61c7dc25","3553400076410547919724730734378100087","_RSAPublicKey","2048"
"DigiCert Trusted Root G4","DigiCert Trusted Root G4","2013-08-01","2038-01-15","/usr/share/ca-certificates/mozilla/DigiCert_Trusted_Root_G4.crt","","1","ddfb16cd4931c973a2037d3fc83a4d7d775d05e4","7451500558977370777930084869016614236","_RSAPublicKey","4096"
"DST Root CA X3","DST Root CA X3","2000-09-30","2021-09-30","/usr/share/ca-certificates/mozilla/DST_Root_CA_X3.crt","","3","dac9024f54d8f6df94935fb1732638ca6ad77c13","91299735575339953335919266965803778155","_RSAPublicKey","2048"
"D-TRUST Root CA 3 2013","D-TRUST Root CA 3 2013","2013-09-20","2028-09-20","/usr/share/ca-certificates/mozilla/D-TRUST_Root_CA_3_2013.crt","","1","6c7ccce7d4ae515f9908cd3ff6e8c378df6fef97","1039788","_RSAPublicKey","2048"
"D-TRUST Root Class 3 CA 2 2009","D-TRUST Root Class 3 CA 2 2009","2009-11-05","2029-11-05","/usr/share/ca-certificates/mozilla/D-TRUST_Root_Class_3_CA_2_2009.crt","","1","58e8abb0361533fb80f79b1b6d29d3ff8d5f00f0","623603","_RSAPublicKey","2048"
"D-TRUST Root Class 3 CA 2 EV 2009","D-TRUST Root Class 3 CA 2 EV 2009","2009-11-05","2029-11-05","/usr/share/ca-certificates/mozilla/D-TRUST_Root_Class_3_CA_2_EV_2009.crt","","1","96c91b0b95b4109842fad0d82279fe60fab91683","623604","_RSAPublicKey","2048"
"EC-ACC","EC-ACC","2003-01-07","2031-01-07","/usr/share/ca-certificates/mozilla/EC-ACC.crt","","2","28903a635b5280fae6774c0b6da7d6baa64af2e8","-23701579247955709139626555126524820479","_RSAPublicKey","2048"
"EE Certification Centre Root CA","EE Certification Centre Root CA","2010-10-30","2030-12-17","/usr/share/ca-certificates/mozilla/EE_Certification_Centre_Root_CA.crt","clientAuth,serverAuth,codeSigning,emailProtection,timeStamping,OCSPSigning","2","c9a8b9e755805e58e35377a725ebafc37b27ccd7","112324828676200291871926431888494945866","_RSAPublicKey","2048"
"Entrust.net Certification Authority (2048)","Entrust.net Certification Authority (2048)","1999-12-24","2029-07-24","/usr/share/ca-certificates/mozilla/Entrust.net_Premium_2048_Secure_Server_CA.crt","","2","503006091d97d4f5ae39f7cbe7927d7d652d3431","946069240","_RSAPublicKey","2048"
"Entrust Root Certification Authority","Entrust Root Certification Authority","2006-11-27","2026-11-27","/usr/share/ca-certificates/mozilla/Entrust_Root_Certification_Authority.crt","","2","b31eb1b740e36c8402dadc37d44df5d4674952f9","1164660820","_RSAPublicKey","2048"
"Entrust Root Certification Authority - EC1","Entrust Root Certification Authority - EC1","2012-12-18","2037-12-18","/usr/share/ca-certificates/mozilla/Entrust_Root_Certification_Authority_-_EC1.crt","","1","20d80640df9b25f512253a11eaf7598aeb14b547","51543124481930649114116133369","_EllipticCurvePublicKey","384"
"Entrust Root Certification Authority - G2","Entrust Root Certification Authority - G2","2009-07-07","2030-12-07","/usr/share/ca-certificates/mozilla/Entrust_Root_Certification_Authority_-_G2.crt","","1","8cf427fd790c3ad166068de81e57efbb932272d4","1246989352","_RSAPublicKey","2048"
"E-Tugra Certification Authority","E-Tugra Certification Authority","2013-03-05","2023-03-03","/usr/share/ca-certificates/mozilla/E-Tugra_Certification_Authority.crt","","1","51c6e70849066ef392d45ca00d6da3628fc35239","7667447206703254355","_RSAPublicKey","4096"
"GDCA TrustAUTH R5 ROOT","GDCA TrustAUTH R5 ROOT","2014-11-26","2040-12-31","/usr/share/ca-certificates/mozilla/GDCA_TrustAUTH_R5_ROOT.crt","","1","0f36385b811a25c39b314e83cae9346670cc74b4","9009899650740120186","_RSAPublicKey","4096"
"GeoTrust Global CA","GeoTrust Global CA","2002-05-21","2022-05-21","/usr/share/ca-certificates/mozilla/GeoTrust_Global_CA.crt","","3","de28f4a4ffe5b92fa3c503d1a349a7f9962a8212","144470","_RSAPublicKey","2048"
"GeoTrust Primary Certification Authority","GeoTrust Primary Certification Authority","2006-11-27","2036-07-16","/usr/share/ca-certificates/mozilla/GeoTrust_Primary_Certification_Authority.crt","","2","323c118e1bf7b8b65254e2e2100dd6029037f096","32798226551256963324313806436981982369","_RSAPublicKey","2048"
"GeoTrust Primary Certification Authority - G2","GeoTrust Primary Certification Authority - G2","2007-11-05","2038-01-18","/usr/share/ca-certificates/mozilla/GeoTrust_Primary_Certification_Authority_-_G2.crt","","1","8d1784d537f3037dec70fe578b519a99e610d7b0","80682863203381065782177908751794619243","_EllipticCurvePublicKey","384"
"GeoTrust Primary Certification Authority - G3","GeoTrust Primary Certification Authority - G3","2008-04-02","2037-12-01","/usr/share/ca-certificates/mozilla/GeoTrust_Primary_Certification_Authority_-_G3.crt","","1","039eedb80be7a03c6953893b20d2d9323a4c2afd","28809105769928564313984085209975885599","_RSAPublicKey","2048"
"GeoTrust Universal CA","GeoTrust Universal CA","2004-03-04","2029-03-04","/usr/share/ca-certificates/mozilla/GeoTrust_Universal_CA.crt","","2","e621f3354379059a4b68309d8a2f74221587ec79","1","_RSAPublicKey","4096"
"GeoTrust Universal CA 2","GeoTrust Universal CA 2","2004-03-04","2029-03-04","/usr/share/ca-certificates/mozilla/GeoTrust_Universal_CA_2.crt","","2","379a197b418545350ca60369f33c2eaf474f2079","1","_RSAPublicKey","4096"
"Global Chambersign Root","Global Chambersign Root","2003-09-30","2037-09-30","/usr/share/ca-certificates/mozilla/Camerfirma_Global_Chambersign_Root.crt","","2","339b6b1450249b557a01877284d9e02fc3d2d8e9","0","_RSAPublicKey","2048"
"Global Chambersign Root - 2008","Global Chambersign Root - 2008","2008-08-01","2038-07-31","/usr/share/ca-certificates/mozilla/Global_Chambersign_Root_-_2008.crt","","2","4abdeeec950d359c89aec752a12c5b29f6d6aa0c","14541511773111788494","_RSAPublicKey","4096"
"GlobalSign","GlobalSign","2012-11-13","2038-01-19","/usr/share/ca-certificates/mozilla/GlobalSign_ECC_Root_CA_-_R5.crt","","1","1f24c630cda418ef2069ffad4fdd5f463a1b69aa","32785792099990507226680698011560947931244","_EllipticCurvePublicKey","384"
"GlobalSign","GlobalSign","2009-03-18","2029-03-18","/usr/share/ca-certificates/mozilla/GlobalSign_Root_CA_-_R3.crt","","1","d69b561148f01c77c54578c10926df5b856976ad","4835703278459759426209954","_RSAPublicKey","2048"
"GlobalSign","GlobalSign","2012-11-13","2038-01-19","/usr/share/ca-certificates/mozilla/GlobalSign_ECC_Root_CA_-_R4.crt","","1","6969562e4080f424a1e7199f14baf3ee58ab6abb","14367148294922964480859022125800977897474","_EllipticCurvePublicKey","256"
"GlobalSign","GlobalSign","2006-12-15","2021-12-15","/usr/share/ca-certificates/mozilla/GlobalSign_Root_CA_-_R2.crt","","3","75e0abb6138512271c04f85fddde38e4b7242efe","4835703278459682885658125","_RSAPublicKey","2048"
"GlobalSign Root CA","GlobalSign Root CA","1998-09-01","2028-01-28","/usr/share/ca-certificates/mozilla/GlobalSign_Root_CA.crt","","2","b1bc968bd4f49d622aa89a81f2150152a41d829c","4835703278459707669005204","_RSAPublicKey","2048"
"Go Daddy Root Certificate Authority - G2","Go Daddy Root Certificate Authority - G2","2009-09-01","2037-12-31","/usr/share/ca-certificates/mozilla/Go_Daddy_Root_Certificate_Authority_-_G2.crt","","1","47beabc922eae80e78783462a79f45c254fde68b","0","_RSAPublicKey","2048"
"Hellenic Academic and Research Institutions ECC RootCA 2015","Hellenic Academic and Research Institutions ECC RootCA 2015","2015-07-07","2040-06-30","/usr/share/ca-certificates/mozilla/Hellenic_Academic_and_Research_Institutions_ECC_RootCA_2015.crt","","1","9ff1718d92d59af37d7497b4bc6f84680bbab666","0","_EllipticCurvePublicKey","384"
"Hellenic Academic and Research Institutions RootCA 2011","Hellenic Academic and Research Institutions RootCA 2011","2011-12-06","2031-12-01","/usr/share/ca-certificates/mozilla/Hellenic_Academic_and_Research_Institutions_RootCA_2011.crt","","2","fe45659b79035b98a161b5512eacda580948224d","0","_RSAPublicKey","2048"
"Hellenic Academic and Research Institutions RootCA 2015","Hellenic Academic and Research Institutions RootCA 2015","2015-07-07","2040-06-30","/usr/share/ca-certificates/mozilla/Hellenic_Academic_and_Research_Institutions_RootCA_2015.crt","","1","010c0695a6981914ffbf5fc6b0b695ea29e912a6","0","_RSAPublicKey","4096"
"Hongkong Post Root CA 1","Hongkong Post Root CA 1","2003-05-15","2023-05-15","/usr/share/ca-certificates/mozilla/Hongkong_Post_Root_CA_1.crt","","2","d6daa8208d09d2154d24b52fcb346eb258b28a58","1000","_RSAPublicKey","2048"
"IdenTrust Commercial Root CA 1","IdenTrust Commercial Root CA 1","2014-01-16","2034-01-16","/usr/share/ca-certificates/mozilla/IdenTrust_Commercial_Root_CA_1.crt","","1","df717eaa4ad94ec9558499602d48de5fbcf03a25","13298821034946342390520003877796839426","_RSAPublicKey","4096"
"IdenTrust Public Sector Root CA 1","IdenTrust Public Sector Root CA 1","2014-01-16","2034-01-16","/usr/share/ca-certificates/mozilla/IdenTrust_Public_Sector_Root_CA_1.crt","","1","ba29416077983ff4f3eff231053b2eea6d4d45fd","13298821034946342390521976156843933698","_RSAPublicKey","4096"
"ISRG Root X1","ISRG Root X1","2015-06-04","2035-06-04","/usr/share/ca-certificates/mozilla/ISRG_Root_X1.crt","","1","cabd2a79a1076a31f21d253635cb039d4329a5e8","172886928669790476064670243504169061120","_RSAPublicKey","4096"
"Izenpe.com","Izenpe.com","2007-12-13","2037-12-13","/usr/share/ca-certificates/mozilla/Izenpe.com.crt","","1","2f783d255218a74a653971b52ca29c45156fe919","917563065490389241595536686991402621","_RSAPublicKey","4096"
"LuxTrust Global Root 2","LuxTrust Global Root 2","2015-03-05","2035-03-05","/usr/share/ca-certificates/mozilla/LuxTrust_Global_Root_2.crt","","1","1e0e56190ad18b2598b20444ff668a0417995f3f","59914338225734147123941058376788110305822489521","_RSAPublicKey","4096"
"Microsec e-Szigno Root CA 2009","Microsec e-Szigno Root CA 2009","2009-06-16","2029-12-30","/usr/share/ca-certificates/mozilla/Microsec_e-Szigno_Root_CA_2009.crt","","1","89df74fe5cf40f4a80f9e3377d54da91e101318e","14014712776195784473","_RSAPublicKey","2048"
"NetLock Arany (Class Gold) Főtanúsítvány","NetLock Arany (Class Gold) Főtanúsítvány","2008-12-11","2028-12-06","/usr/share/ca-certificates/mozilla/NetLock_Arany_=Class_Gold=_Főtanúsítvány.crt","","1","06083f593f15a104a069a46ba903d006b7970991","80544274841616","_RSAPublicKey","2048"
"Network Solutions Certificate Authority","Network Solutions Certificate Authority","2006-12-01","2029-12-31","/usr/share/ca-certificates/mozilla/Network_Solutions_Certificate_Authority.crt","","2","74f8a3c3efe7b390064b83903c21646020e5dfce","116697915152937497490437556386812487904","_RSAPublicKey","2048"
"OISTE WISeKey Global Root GA CA","OISTE WISeKey Global Root GA CA","2005-12-11","2037-12-11","/usr/share/ca-certificates/mozilla/OISTE_WISeKey_Global_Root_GA_CA.crt","","2","5922a1e15aea163521f898396a4646b0441b0fa9","86718877871133159090080555911823548314","_RSAPublicKey","2048"
"OISTE WISeKey Global Root GB CA","OISTE WISeKey Global Root GB CA","2014-12-01","2039-12-01","/usr/share/ca-certificates/mozilla/OISTE_WISeKey_Global_Root_GB_CA.crt","","1","0ff9407618d3d76a4b98f0a8359e0cfd27accced","157768595616588414422159278966750757568","_RSAPublicKey","2048"
"OpenTrust Root CA G1","OpenTrust Root CA G1","2014-05-26","2038-01-15","/usr/share/ca-certificates/mozilla/OpenTrust_Root_CA_G1.crt","","1","7991e834f7e2eedd08950152e9552d14e958d57e","1492036577811947013770400127034825178844775","_RSAPublicKey","4096"
"OpenTrust Root CA G2","OpenTrust Root CA G2","2014-05-26","2038-01-15","/usr/share/ca-certificates/mozilla/OpenTrust_Root_CA_G2.crt","","1","795f8860c5ab7c3d92e6cbf48de145cd11ef600b","1492012448042702096986875987676935573415441","_RSAPublicKey","4096"
"OpenTrust Root CA G3","OpenTrust Root CA G3","2014-05-26","2038-01-15","/usr/share/ca-certificates/mozilla/OpenTrust_Root_CA_G3.crt","","1","6e2664f356bf3455bfd1933f7c01ded813da8aa6","1492104908271485653071219941864171170455615","_EllipticCurvePublicKey","384"
"QuoVadis Root CA 1 G3","QuoVadis Root CA 1 G3","2012-01-12","2042-01-12","/usr/share/ca-certificates/mozilla/QuoVadis_Root_CA_1_G3.crt","","1","1b8eea5796291ac939eab80a811a7373c0937967","687049649626669250736271037606554624078720034195","_RSAPublicKey","4096"
"QuoVadis Root CA 2","QuoVadis Root CA 2","2006-11-24","2031-11-24","/usr/share/ca-certificates/mozilla/QuoVadis_Root_CA_2.crt","","2","ca3afbcf1240364b44b216208880483919937cf7","1289","_RSAPublicKey","4096"
"QuoVadis Root CA 2 G3","QuoVadis Root CA 2 G3","2012-01-12","2042-01-12","/usr/share/ca-certificates/mozilla/QuoVadis_Root_CA_2_G3.crt","","1","093c61f38b8bdc7d55df7538020500e125f5c836","390156079458959257446133169266079962026824725800","_RSAPublicKey","4096"
"QuoVadis Root CA 3","QuoVadis Root CA 3","2006-11-24","2031-11-24","/usr/share/ca-certificates/mozilla/QuoVadis_Root_CA_3.crt","","2","1f4914f7d874951dddae02c0befd3a2d82755185","1478","_RSAPublicKey","4096"
"QuoVadis Root CA 3 G3","QuoVadis Root CA 3 G3","2012-01-12","2042-01-12","/usr/share/ca-certificates/mozilla/QuoVadis_Root_CA_3_G3.crt","","1","4812bd923ca8c43906e7306d2796e6a4cf222e7d","268090761170461462463995952157327242137089239581","_RSAPublicKey","4096"
"QuoVadis Root Certification Authority","QuoVadis Root Certification Authority","2001-03-19","2021-03-17","/usr/share/ca-certificates/mozilla/QuoVadis_Root_CA.crt","","3","de3f40bd5093d39b6c60f6dabc076201008976c9","985026699","_RSAPublicKey","2048"
"Secure Global CA","Secure Global CA","2006-11-07","2029-12-31","/usr/share/ca-certificates/mozilla/Secure_Global_CA.crt","","2","3a44735ae581901f248661461e3b9cc45ff53a1b","9751836167731051554232119481456978597","_RSAPublicKey","2048"
"SecureSign RootCA11","SecureSign RootCA11","2009-04-08","2029-04-08","/usr/share/ca-certificates/mozilla/SecureSign_RootCA11.crt","","2","3bc49f48f8f373a09c1ebdf85bb1c365c7d811b3","1","_RSAPublicKey","2048"
"SecureTrust CA","SecureTrust CA","2006-11-07","2029-12-31","/usr/share/ca-certificates/mozilla/SecureTrust_CA.crt","","2","8782c6c304353bcfd29692d2593e7d44d934ff11","17199774589125277788362757014266862032","_RSAPublicKey","2048"
"sks-keyservers.net CA","sks-keyservers.net CA","2012-10-09","2022-10-07","/usr/share/gnupg/sks-keyservers.netCA.pem","","3","791b27a38e667f8027814d4e68e7c478a45d5a17","12642669257862119567","_RSAPublicKey","4096"
"Sonera Class2 CA","Sonera Class2 CA","2001-04-06","2021-04-06","/usr/share/ca-certificates/mozilla/Sonera_Class_2_Root_CA.crt","","3","37f76de6077c90c5b13e931ab74110b4f2e49a27","29","_RSAPublicKey","2048"
"SSL.com EV Root Certification Authority ECC","SSL.com EV Root Certification Authority ECC","2016-02-12","2041-02-12","/usr/share/ca-certificates/mozilla/SSL.com_EV_Root_Certification_Authority_ECC.crt","","1","4cdd51a3d1f5203214b0c6c532230391c746426d","3182246526754555285","_EllipticCurvePublicKey","384"
"SSL.com EV Root Certification Authority RSA R2","SSL.com EV Root Certification Authority RSA R2","2017-05-31","2042-05-30","/usr/share/ca-certificates/mozilla/SSL.com_EV_Root_Certification_Authority_RSA_R2.crt","","1","743af0529bd032a0f44a83cdd4baa97b7c2ec49a","6248227494352943350","_RSAPublicKey","4096"
"SSL.com Root Certification Authority ECC","SSL.com Root Certification Authority ECC","2016-02-12","2041-02-12","/usr/share/ca-certificates/mozilla/SSL.com_Root_Certification_Authority_ECC.crt","","1","c3197c3924e654af1bc4ab20957ae2c30e13026a","8495723813297216424","_EllipticCurvePublicKey","384"
"SSL.com Root Certification Authority RSA","SSL.com Root Certification Authority RSA","2016-02-12","2041-02-12","/usr/share/ca-certificates/mozilla/SSL.com_Root_Certification_Authority_RSA.crt","","1","b7ab3308d1ea4477ba1480125a6fbda936490cbb","8875640296558310041","_RSAPublicKey","4096"
"Staat der Nederlanden EV Root CA","Staat der Nederlanden EV Root CA","2010-12-08","2022-12-08","/usr/share/ca-certificates/mozilla/Staat_der_Nederlanden_EV_Root_CA.crt","","2","76e27ec14fdb82c1c0a675b505be3d29b4eddbbb","10000013","_RSAPublicKey","4096"
"Staat der Nederlanden Root CA - G2","Staat der Nederlanden Root CA - G2","2008-03-26","2020-03-25","/usr/share/ca-certificates/mozilla/Staat_der_Nederlanden_Root_CA_-_G2.crt","","2","59af82799186c7b47507cbcf035746eb04ddb716","10000012","_RSAPublicKey","4096"
"Staat der Nederlanden Root CA - G3","Staat der Nederlanden Root CA - G3","2013-11-14","2028-11-13","/usr/share/ca-certificates/mozilla/Staat_der_Nederlanden_Root_CA_-_G3.crt","","1","d8eb6b41519259e0f3e78500c03db68897c9eefc","10003001","_RSAPublicKey","4096"
"Starfield Root Certificate Authority - G2","Starfield Root Certificate Authority - G2","2009-09-01","2037-12-31","/usr/share/ca-certificates/mozilla/Starfield_Root_Certificate_Authority_-_G2.crt","","1","b51c067cee2b0c3df855ab2d92f4fe39d4e70f0e","0","_RSAPublicKey","2048"
"Starfield Services Root Certificate Authority - G2","Starfield Services Root Certificate Authority - G2","2009-09-01","2037-12-31","/usr/share/ca-certificates/mozilla/Starfield_Services_Root_Certificate_Authority_-_G2.crt","","1","925a8f8d2c6d04e0665f596aff22d863e8256f3f","0","_RSAPublicKey","2048"
"S-TRUST Universal Root CA","S-TRUST Universal Root CA","2013-10-22","2038-10-21","/usr/share/ca-certificates/mozilla/S-TRUST_Universal_Root_CA.crt","","1","1b3d1114ea7a0f9558544195bf6b2582ab40ce9a","128056426712899805115287660904152702494","_RSAPublicKey","2048"
"Swisscom Root CA 2","Swisscom Root CA 2","2011-06-24","2031-06-25","/usr/share/ca-certificates/mozilla/Swisscom_Root_CA_2.crt","","1","77474fc630e40f4c47643f84bab8c6954a8a41ec","40698052477090394928831521023204026294","_RSAPublicKey","4096"
"SwissSign Gold CA - G2","SwissSign Gold CA - G2","2006-10-25","2036-10-25","/usr/share/ca-certificates/mozilla/SwissSign_Gold_CA_-_G2.crt","","2","d8c5388ab7301b1b6ed47ae645253a6f9f1a2761","13492815561806991280","_RSAPublicKey","4096"
"SwissSign Platinum CA - G2","SwissSign Platinum CA - G2","2006-10-25","2036-10-25","/usr/share/ca-certificates/mozilla/SwissSign_Platinum_CA_-_G2.crt","","2","56e0fac03b8f18235518e5d311cae8c24331ab66","5670595323396054351","_RSAPublicKey","4096"
"SwissSign Silver CA - G2","SwissSign Silver CA - G2","2006-10-25","2036-10-25","/usr/share/ca-certificates/mozilla/SwissSign_Silver_CA_-_G2.crt","","2","9baae59f56ee21cb435abe2593dfa7f040d11dcb","5700383053117599563","_RSAPublicKey","4096"
"Symantec Class 1 Public Primary Certification Authority - G4","Symantec Class 1 Public Primary Certification Authority - G4","2011-10-05","2038-01-18","/usr/share/ca-certificates/mozilla/Symantec_Class_1_Public_Primary_Certification_Authority_-_G4.crt","","1","84f2e3dd83133ea91d19527f02d729bfc15fe667","44436724053958841550560687779730998488","_EllipticCurvePublicKey","384"
"Symantec Class 1 Public Primary Certification Authority - G6","Symantec Class 1 Public Primary Certification Authority - G6","2011-10-18","2037-12-01","/usr/share/ca-certificates/mozilla/Symantec_Class_1_Public_Primary_Certification_Authority_-_G6.crt","","1","517f611e29916b5382fb72e744d98dc3cc536d64","48114214915355545168440532291644617624","_RSAPublicKey","2048"
"Symantec Class 2 Public Primary Certification Authority - G4","Symantec Class 2 Public Primary Certification Authority - G4","2011-10-05","2038-01-18","/usr/share/ca-certificates/mozilla/Symantec_Class_2_Public_Primary_Certification_Authority_-_G4.crt","","1","6724902e4801b02296401046b4b1672ca975fd2b","69241328577918053542570946932319299102","_EllipticCurvePublicKey","384"
"Symantec Class 2 Public Primary Certification Authority - G6","Symantec Class 2 Public Primary Certification Authority - G6","2011-10-18","2037-12-01","/usr/share/ca-certificates/mozilla/Symantec_Class_2_Public_Primary_Certification_Authority_-_G6.crt","","1","40b331a0e9bfe855bc3993ca704f4ec251d41d8f","133601022773373938283652654624962379585","_RSAPublicKey","2048"
"SZAFIR ROOT CA2","SZAFIR ROOT CA2","2015-10-19","2035-10-19","/usr/share/ca-certificates/mozilla/SZAFIR_ROOT_CA2.crt","","1","e252fa953feddb2460bd6e28f39ccccf5eb33fde","357043034767186914217277344587386743377558296292","_RSAPublicKey","2048"
"TC TrustCenter Class 3 CA II","TC TrustCenter Class 3 CA II","2006-01-12","2025-12-31","/usr/share/ca-certificates/mozilla/TC_TrustCenter_Class_3_CA_II.crt","","2","8025eff46e70c8d472246584fe403b8a8d6adbf5","1506523511417715638772220530020799","_RSAPublicKey","2048"
"TeliaSonera Root CA v1","TeliaSonera Root CA v1","2007-10-18","2032-10-18","/usr/share/ca-certificates/mozilla/TeliaSonera_Root_CA_v1.crt","","2","4313bb96f1d5869bc14e6a92f6cff63469878237","199041966741090107964904287217786801558","_RSAPublicKey","4096"
"thawte Primary Root CA","thawte Primary Root CA","2006-11-17","2036-07-16","/usr/share/ca-certificates/mozilla/thawte_Primary_Root_CA.crt","","2","91c6d6ee3e8ac86384e548c299295c756c817b81","69529181992039203566298953787712940909","_RSAPublicKey","2048"
"thawte Primary Root CA - G2","thawte Primary Root CA - G2","2007-11-05","2038-01-18","/usr/share/ca-certificates/mozilla/thawte_Primary_Root_CA_-_G2.crt","","1","aadbbc22238fc401a127bb38ddf41ddb089ef012","71758320672825410020661621085256472406","_EllipticCurvePublicKey","384"
"thawte Primary Root CA - G3","thawte Primary Root CA - G3","2008-04-02","2037-12-01","/usr/share/ca-certificates/mozilla/thawte_Primary_Root_CA_-_G3.crt","","1","f18b538d1be903b6a6f056435b171589caf36bf2","127614157056681299805556476275995414779","_RSAPublicKey","2048"
"TrustCor ECA-1","TrustCor ECA-1","2016-02-04","2029-12-31","/usr/share/ca-certificates/mozilla/TrustCor_ECA-1.crt","","1","58d1df9595676b63c0f05b1c174d8b840bc878bd","9548242946988625984","_RSAPublicKey","2048"
"TrustCor RootCert CA-1","TrustCor RootCert CA-1","2016-02-04","2029-12-31","/usr/share/ca-certificates/mozilla/TrustCor_RootCert_CA-1.crt","","1","ffbdcde782c8435e3c6f26865ccaa83a455bc30a","15752444095811006489","_RSAPublicKey","2048"
"TrustCor RootCert CA-2","TrustCor RootCert CA-2","2016-02-04","2034-12-31","/usr/share/ca-certificates/mozilla/TrustCor_RootCert_CA-2.crt","","1","b8be6dcb56f155b963d412ca4e0634c794b21cc0","2711694510199101698","_RSAPublicKey","4096"
"T-TeleSec GlobalRoot Class 2","T-TeleSec GlobalRoot Class 2","2008-10-01","2033-10-01","/usr/share/ca-certificates/mozilla/T-TeleSec_GlobalRoot_Class_2.crt","","1","590d2d7d884f402e617ea562321765cf17d894e9","1","_RSAPublicKey","2048"
"T-TeleSec GlobalRoot Class 3","T-TeleSec GlobalRoot Class 3","2008-10-01","2033-10-01","/usr/share/ca-certificates/mozilla/T-TeleSec_GlobalRoot_Class_3.crt","","1","55a6723ecbf2eccdc3237470199d2abe11e381d1","1","_RSAPublicKey","2048"
"TUBITAK Kamu SM SSL Kok Sertifikasi - Surum 1","TUBITAK Kamu SM SSL Kok Sertifikasi - Surum 1","2013-11-25","2043-10-25","/usr/share/ca-certificates/mozilla/TUBITAK_Kamu_SM_SSL_Kok_Sertifikasi_-_Surum_1.crt","","1","3143649becce27eced3a3f0b8f0de4e891ddeeca","1","_RSAPublicKey","2048"
"TÜRKTRUST Elektronik Sertifika Hizmet Sağlayıcısı H5","TÜRKTRUST Elektronik Sertifika Hizmet Sağlayıcısı H5","2013-04-30","2023-04-28","/usr/share/ca-certificates/mozilla/TÜRKTRUST_Elektronik_Sertifika_Hizmet_Sağlayıcısı_H5.crt","","1","c418f64d46d1df003d2730137243a91211c675fb","156233699172481","_RSAPublicKey","2048"
"TWCA Global Root CA","TWCA Global Root CA","2012-06-27","2030-12-31","/usr/share/ca-certificates/mozilla/TWCA_Global_Root_CA.crt","","1","9cbb4853f6a4f6d352a4e83252556013f5adaf65","3262","_RSAPublicKey","4096"
"TWCA Root Certification Authority","TWCA Root Certification Authority","2008-08-28","2030-12-31","/usr/share/ca-certificates/mozilla/TWCA_Root_Certification_Authority.crt","","2","cf9e876dd3ebfc422697a3b5a37aa076a9062348","1","_RSAPublicKey","2048"
"USERTrust ECC Certification Authority","USERTrust ECC Certification Authority","2010-02-01","2038-01-18","/usr/share/ca-certificates/mozilla/USERTrust_ECC_Certification_Authority.crt","","1","d1cbca5db2d52a7f693b674de5f05a1d0c957df0","123013823720199481456569720443997572134","_EllipticCurvePublicKey","384"
"USERTrust RSA Certification Authority","USERTrust RSA Certification Authority","2010-02-01","2038-01-18","/usr/share/ca-certificates/mozilla/USERTrust_RSA_Certification_Authority.crt","","1","2b8f1b57330dbba2d07a6c51f70ee90ddab9ad8e","2645093764781058787591871645665788717","_RSAPublicKey","4096"
"UTN-USERFirst-Client Authentication and Email","UTN-USERFirst-Client Authentication and Email","1999-07-09","2019-07-09","/usr/share/ca-certificates/mozilla/UTN_USERFirst_Email_Root_CA.crt","clientAuth,emailProtection","3","b172b1a56d95f91fe50287e14d37ea6a4463768a","91374294542884704022267039196069218697","_RSAPublicKey","2048"
"VeriSign Class 1 Public Primary Certification Authority - G3","VeriSign Class 1 Public Primary Certification Authority - G3","1999-10-01","2036-07-16","/usr/share/ca-certificates/mozilla/Verisign_Class_1_Public_Primary_Certification_Authority_-_G3.crt","","2","204285dcf7eb764195578e136bd4b7d1e98e46a5","185237570324729778462978133790525665700","_RSAPublicKey","2048"
"VeriSign Class 2 Public Primary Certification Authority - G3","VeriSign Class 2 Public Primary Certification Authority - G3","1999-10-01","2036-07-16","/usr/share/ca-certificates/mozilla/Verisign_Class_2_Public_Primary_Certification_Authority_-_G3.crt","","2","61ef43d77fcad46151bc98e0c35912af9feb6311","129520775995541613599859419027715677050","_RSAPublicKey","2048"
"VeriSign Class 3 Public Primary Certification Authority - G3","VeriSign Class 3 Public Primary Certification Authority - G3","1999-10-01","2036-07-16","/usr/share/ca-certificates/mozilla/Verisign_Class_3_Public_Primary_Certification_Authority_-_G3.crt","","2","132d0d45534b6997cdb2d5c339e25576609b5cc6","206684696279472310254277870180966723415","_RSAPublicKey","2048"
"VeriSign Class 3 Public Primary Certification Authority - G4","VeriSign Class 3 Public Primary Certification Authority - G4","2007-11-05","2038-01-18","/usr/share/ca-certificates/mozilla/VeriSign_Class_3_Public_Primary_Certification_Authority_-_G4.crt","","1","22d5d8df8f0231d18df79db7cf8a2d64c93f6c3a","63143484348153506665311985501458640051","_EllipticCurvePublicKey","384"
"VeriSign Class 3 Public Primary Certification Authority - G5","VeriSign Class 3 Public Primary Certification Authority - G5","2006-11-08","2036-07-16","/usr/share/ca-certificates/mozilla/VeriSign_Class_3_Public_Primary_Certification_Authority_-_G5.crt","","2","4eb6d578499b1ccf5f581ead56be3d9b6744a5e5","33037644167568058970164719475676101450","_RSAPublicKey","2048"
"VeriSign Universal Root Certification Authority","VeriSign Universal Root Certification Authority","2008-04-02","2037-12-01","/usr/share/ca-certificates/mozilla/VeriSign_Universal_Root_Certification_Authority.crt","","1","3679ca35668772304d30a5fb873b0fa77bb70d54","85209574734084581917763752644031726877","_RSAPublicKey","2048"
"Visa eCommerce Root","Visa eCommerce Root","2002-06-26","2022-06-24","/usr/share/ca-certificates/mozilla/Visa_eCommerce_Root.crt","","3","70179b868c00a4fa609152223f9f3e32bde00562","25952180776285836048024890241505565794","_RSAPublicKey","2048"
"XRamp Global Certification Authority","XRamp Global Certification Authority","2004-11-01","2035-01-01","/usr/share/ca-certificates/mozilla/XRamp_Global_CA_Root.crt","","2","b80186d1eb9c86a54104cf3054f34c52b7e558c6","107108908803651509692980124233745014957","_RSAPublicKey","2048"
"AC RAIZ FNMT-RCM","AC RAIZ FNMT-RCM","2008-10-29","2030-01-01","/usr/share/ca-certificates/mozilla/AC_RAIZ_FNMT-RCM.crt","","1","ec503507b215c4956219e2a89a5b42992c4c2c20","485876308206448804701554682760554759","_RSAPublicKey","4096"
"Security Communication RootCA1","Security Communication RootCA1","2003-09-30","2023-09-30","/usr/share/ca-certificates/mozilla/Security_Communication_Root_CA.crt","","2","36b12b49f9819ed74c9ebc380fc6568f5dacb2f7","0","_RSAPublicKey","2048"
"Government Root Certification Authority","Government Root Certification Authority","2002-12-05","2032-12-05","/usr/share/ca-certificates/mozilla/Taiwan_GRCA.crt","","2","f48b11bfdeabbe94542071e641de6bbe882b40b9","42023070807708724159991140556527066870","_RSAPublicKey","4096"
"Go Daddy Class 2 Certification Authority","Go Daddy Class 2 Certification Authority","2004-06-29","2034-06-29","/usr/share/ca-certificates/mozilla/Go_Daddy_Class_2_CA.crt","","2","2796bae63f1801e277261ba0d77770028f20eee4","0","_RSAPublicKey","2048"
"Trustis FPS Root CA","Trustis FPS Root CA","2003-12-23","2024-01-21","/usr/share/ca-certificates/mozilla/Trustis_FPS_Root_CA.crt","","2","3bc0380b33c3f6a60c86152293d9dff54b81c004","36053640375399034304724988975563710553","_RSAPublicKey","2048"
"Starfield Class 2 Certification Authority","Starfield Class 2 Certification Authority","2004-06-29","2034-06-29","/usr/share/ca-certificates/mozilla/Starfield_Class_2_CA.crt","","2","ad7e1c28b064ef8f6003402014c3d0e3370eb58a","0","_RSAPublicKey","2048"
"Security Communication RootCA2","Security Communication RootCA2","2009-05-29","2029-05-29","/usr/share/ca-certificates/mozilla/Security_Communication_RootCA2.crt","","1","5f3b8cf2f810b37d78b4ceec1919c37334b9c774","0","_RSAPublicKey","2048"
"ePKI Root Certification Authority","ePKI Root Certification Authority","2004-12-20","2034-12-20","/usr/share/ca-certificates/mozilla/ePKI_Root_Certification_Authority.crt","","2","67650df17e8e7e5b8240a4f4564bcfe23d69c6f0","28956088682735189655030529057352760477","_RSAPublicKey","4096"
"certSIGN ROOT CA","certSIGN ROOT CA","2006-07-04","2031-07-04","/usr/share/ca-certificates/mozilla/certSIGN_ROOT_CA.crt","","2","fab7ee36972662fb2db02af6bf03fde87c4b2f9b","35210227249154","_RSAPublicKey","2048"
