"Name","Version","Component","Package Manager","License"
"libc6","2.24-11+deb9u3","glibc","DPKG","LGPL-2.1-or-later"
"libc-bin","2.24-11+deb9u3","glibc","DPKG","LGPL-2.1-or-later"
"libacl1","2.2.52-3+b1","acl","DPKG","LGPL-2.1-or-later"
"libasound2","1.1.3-5","alsa-lib","DPKG","LGPL-2.1-or-later"
"ant","1.9.9-1+deb9u1","ant","DPKG","Apache-2.0"
"ant-optional","1.9.9-1+deb9u1","ant","DPKG","Apache-2.0"
"libapr1","1.5.2-5","apr","DPKG","Apache-2.0"
"apt","1.4.8","apt","DPKG","GPL-2.0-or-later,MIT"
"libapt-pkg5.0","1.4.8","apt","DPKG","GPL-2.0-or-later,MIT"
"libasm-java","5.2-2","asm","DPKG","BSD-3-Clause"
"libatk-bridge2.0-0","2.22.0-2","at-spi2-atk","DPKG","LGPL-2.0-only"
"libatspi2.0-0","2.22.0-6+deb9u1","at-spi2-core","DPKG","LGPL-2.0-only"
"libatk1.0-0","2.22.0-1","atk","DPKG","GPL-2.0-or-later,LGPL-2.0-or-later,MIT"
"libattr1","1:2.4.47-2+b2","attr","DPKG","GPL-2.0-only,LGPL-2.1-only"
"libaudit1","1:2.6.7-2","audit","DPKG","GPL-2.0-only"
"libavahi-client3","0.6.32-2","avahi","DPKG","GPL-2.0-or-later,LGPL-2.1-or-later"
"libavahi-common3","0.6.32-2","avahi","DPKG","GPL-2.0-or-later,LGPL-2.1-or-later"
"base-passwd","3.5.43","base-passwd","DPKG","GPL-2.0-or-later"
"bash","4.4-5","bash","DPKG","GPL-3.0-or-later"
"libbsh-java","2.0b4-18","bsh","DPKG",""
"bzip2","1.0.6-8.1","bzip2","DPKG","bzip2-1.0.6"
"libbz2-1.0","1.0.6-8.1","bzip2","DPKG","bzip2-1.0.6"
"ca-certificates-java","20170531+nmu1","ca-certificates-java","DPKG",""
"libcairo-gobject2","1.14.8-1","cairo","DPKG","LGPL-2.1-only,MPL-1.0"
"libcairo2","1.14.8-1","cairo","DPKG","LGPL-2.1-only,MPL-1.0"
"libdebconfclient0","0.227","cdebconf","DPKG","BSD-2-Clause"
"libcglib-java","3.2.4-1","cglib","DPKG","ISC"
"libcolord2","1.3.3-2","colord","DPKG","GPL-2.0-only"
"libcommons-httpclient-java","3.1-12","commons-httpclient","DPKG","Apache-2.0"
"libcommons-io-java","2.5-1","commons-io","DPKG","Apache-2.0"
"coreutils","8.26-3","coreutils","DPKG","GPL-3.0-or-later"
"libcups2","2.2.1-8+deb9u2","cups","DPKG","GPL-2.0-only"
"curl","7.52.1-5+deb9u8","curl","DPKG","curl"
"libcurl3","7.52.1-5+deb9u8","curl","DPKG","curl"
"libsasl2-2","2.1.27~101-g0780600+dfsg-3","cyrus-imapd","DPKG","BSD-2-Clause"
"libsasl2-modules-db","2.1.27~101-g0780600+dfsg-3","cyrus-imapd","DPKG","BSD-2-Clause"
"dconf-service","0.26.0-2+b1","d-conf","DPKG","LGPL-2.0-only"
"libdconf1","0.26.0-2+b1","d-conf","DPKG","LGPL-2.0-only"
"dconf-gsettings-backend","0.26.0-2+b1","d-conf","DPKG","LGPL-2.0-only"
"dash","0.5.8-2.4","dash","DPKG","GPL-2.0-or-later,MIT"
"libdb5.3","5.3.28-12+deb9u1","db","DPKG","MIT,Sleepycat"
"libdbus-1-3","1.10.26-0+deb9u1","dbus","DPKG","AFL-2.1,GPL-2.0-only"
"debconf","1.5.61","debconf","DPKG",""
"debianutils","4.8.1.1","debianutils","DPKG","GPL-3.0-or-later"
"diffutils","1:3.5-3","diffutils","DPKG","GPL-3.0-or-later"
"libdom4j-java","1.6.1+dfsg.3-2+deb9u1","dom4j","DPKG",""
"dpkg","1.18.25","dpkg","DPKG","GPL-2.0-only"
"e2fsprogs","1.43.4-2","e2fsprogs","DPKG","GPL-2.0-only,LGPL-2.0-only,MIT"
"libcomerr2","1.43.4-2","e2fsprogs","DPKG","GPL-2.0-only,LGPL-2.0-only,MIT"
"e2fslibs","1.43.4-2","e2fsprogs","DPKG","GPL-2.0-only,LGPL-2.0-only,MIT"
"libss2","1.43.4-2","e2fsprogs","DPKG","GPL-2.0-only,LGPL-2.0-only,MIT"
"libeasymock-java","3.4+ds-1","easymock","DPKG","Apache-2.0"
"libelf1","0.168-1","elfutils","DPKG","GPL-3.0-or-later"
"libexpat1","2.2.0-2+deb9u1","expat","DPKG","MIT"
"findutils","4.6.0+git+20161106-2","findutils","DPKG","GPL-3.0-or-later"
"libflac8","1.3.2-1","flac","DPKG","GPL-2.0-only,LGPL-2.1-or-later"
"fontconfig","2.11.0-6.7+b1","fontconfig","DPKG","MIT"
"libfontconfig1","2.11.0-6.7+b1","fontconfig","DPKG","MIT"
"libfreetype6","2.6.3-3.2","freetype","DPKG","FTL,GPL-2.0-only"
"libstdc++6","6.3.0-18+deb9u1","gcc","DPKG","GCC-exception-3.1,GPL-3.0-or-later"
"libgcc1","1:6.3.0-18+deb9u1","gcc","DPKG","GCC-exception-3.1,GPL-3.0-or-later"
"libgdk-pixbuf2.0-0","2.36.5-2+deb9u2","gdk-pixbuf","DPKG","LGPL-2.1-or-later"
"libgif7","5.1.4-0.4","giflib","DPKG","MIT"
"libglib2.0-0","2.50.3-2","glib","DPKG","LGPL-2.1-or-later"
"glib-networking-services","2.50.0-1+b1","glib-networking","DPKG","LGPL-2.0-only"
"glib-networking","2.50.0-1+b1","glib-networking","DPKG","LGPL-2.0-only"
"libgmp10","2:6.1.2+dfsg-1","gmp","DPKG","GPL-2.0-or-later,LGPL-3.0-or-later"
"dirmngr","2.1.18-8~deb9u3","gnupg","DPKG","GPL-3.0-or-later"
"gnupg","2.1.18-8~deb9u3","gnupg","DPKG","GPL-3.0-or-later"
"gnupg-agent","2.1.18-8~deb9u3","gnupg","DPKG","GPL-3.0-or-later"
"gpgv","2.1.18-8~deb9u3","gnupg","DPKG","GPL-3.0-or-later"
"libgnutls30","3.5.8-5+deb9u4","gnutls","DPKG","LGPL-2.1-or-later"
"libgraphite2-3","1.3.10-1","graphite2","DPKG","LGPL-3.0-or-later"
"grep","2.27-2","grep","DPKG","GPL-3.0-or-later"
"libgtk2.0-0","2.24.31-2","gtk","DPKG","LGPL-2.0-only,LGPL-2.0-or-later,LGPL-2.1-or-later,MIT"
"libgtk-3-0","3.22.11-1","gtk","DPKG","LGPL-2.0-only"
"gtk-update-icon-cache","3.22.11-1","gtk","DPKG","LGPL-2.0-only"
"libguice-java","4.0-3","guice","DPKG","Apache-2.0"
"gzip","1.6-5+b1","gzip","DPKG","GPL-3.0-or-later"
"libharfbuzz0b","1.4.2-1","harfbuzz","DPKG","MIT"
"hostname","3.18+b1","hostname","DPKG","GPL-2.0-only,MIT"
"libhttpclient-java","4.5.2-2","httpcomponents-client","DPKG","Apache-2.0"
"libhttpcore-java","4.4.6-1","httpcomponents-core","DPKG","Apache-2.0"
"icedtea-8-plugin","1.6.2-3.1","icedtea-web","DPKG",""
"icedtea-netx-common","1.6.2-3.1","icedtea-web","DPKG",""
"libicu57","57.1-6+deb9u2","icu","DPKG","ICU"
"iproute2","4.9.0-1+deb9u1","iproute2","DPKG","GPL-2.0-only"
"iputils-ping","3:20161105-1","iputil","DPKG","BSD-3-Clause,GPL-2.0-or-later"
"libjbig0","2.1-3.1+b2","jbigkit","DPKG","GPL-2.0-only"
"libjetty9-java","9.2.21-1+deb9u1","jetty","DPKG","Apache-2.0,EPL-1.0"
"libjsch-java","0.1.54-1","jsch","DPKG","BSD-3-Clause"
"libjson-glib-1.0-0","1.2.6-1","json-glib","DPKG","LGPL-2.1-or-later"
"libjsoup-java","1.10.2-1","jsoup","DPKG","MIT"
"junit4","4.12-4","junit","DPKG","Apache-2.0,EPL-1.0,GPL-3.0-or-later,MIT"
"junit","3.8.2-8","junit","DPKG","Apache-2.0,EPL-1.0,GPL-3.0-or-later,MIT"
"libjzlib-java","1.1.3-1","jzlib","DPKG","BSD-3-Clause"
"libkeyutils1","1.5.9-9","keyutils","DPKG","GPL-2.0-only"
"libgssapi-krb5-2","1.15-1+deb9u1","krb5","DPKG","BSD-3-Clause,MIT"
"libk5crypto3","1.15-1+deb9u1","krb5","DPKG","BSD-3-Clause,MIT"
"libkrb5-3","1.15-1+deb9u1","krb5","DPKG","BSD-3-Clause,MIT"
"libkrb5support0","1.15-1+deb9u1","krb5","DPKG","BSD-3-Clause,MIT"
"liblcms2-2","2.8-4+deb9u1","lcms","DPKG","MIT"
"libassuan0","2.4.3-2","libassuan","DPKG","GPL-3.0-or-later"
"libasyncns0","0.8-6","libasyncns","DPKG","LGPL-2.1-or-later"
"libbsd0","0.8.3-1","libbsd","DPKG","BSD-3-Clause"
"libcap2","1:2.25-1","libcap","DPKG","BSD-3-Clause,GPL-2.0-only"
"libcap-ng0","0.7.7-3+b1","libcap-ng","DPKG","LGPL-2.1"
"libcommons-codec-java","1.10-1","libcommons-codec-java","DPKG","Apache-2.0"
"libcommons-logging-java","1.2-1","libcommons-logging-java","DPKG","Apache-2.0"
"libcommons-net-java","3.5-1","libcommons-net-java","DPKG","Apache-2.0"
"libcroco3","0.6.11-3","libcroco","DPKG","LGPL-2.0-only,LGPL-2.1-only"
"libdatrie1","0.2.10-4+b1","libdatrie","DPKG","LGPL-2.1-or-later"
"libdrm2","2.4.74-1","libdrm","DPKG","MIT"
"libepoxy0","1.3.1-2","libepoxy","DPKG","MIT"
"libffi6","3.2.1-6","libffi","DPKG","MIT"
"libfontenc1","1:1.1.3-1+b2","libfontenc","DPKG","MIT"
"libgcrypt20","1.7.6-2+deb9u3","libgcrypt","DPKG","GPL-2.0-or-later,LGPL-2.1-or-later"
"libgpg-error0","1.26-2","libgpg-error","DPKG","GPL-2.0-only"
"libhamcrest-java","1.3-6","libhamcrest-java","DPKG","BSD-3-Clause"
"libice-dev","2:1.0.9-2","libice","DPKG","MIT"
"libidn2-0","0.16-1+deb9u1","libidn","DPKG","GPL-3.0-or-later"
"libidn11","1.33-1","libidn","DPKG","GPL-3.0-or-later"
"libjaxen-java","1.1.6-1","libjaxen-java","DPKG","BSD-2-Clause"
"libjaxp1.3-java","1.3.05-2","libjaxp1.3-java","DPKG",""
"libjdom1-java","1.1.3-1","libjdom1-java","DPKG","BSD-4-Clause"
"libjpeg62-turbo","1:1.5.1-2","libjpeg-turbo","DPKG","BSD-2-Clause"
"libjsr305-java","0.1~+svn49-10","libjsr305-java","DPKG","BSD-3-Clause"
"libksba8","1.3.5-2","libksba","DPKG","GPL-3.0-or-later"
"libmnl0","1.0.4-2","libmnl","DPKG","LGPL-2.1-only"
"libogg0","1.3.2-1","libogg","DPKG","BSD-3-Clause"
"libpng16-16","1.6.28-1","libpng","DPKG","Libpng"
"libproxy1v5","0.4.14-2","libproxy","DPKG","LGPL-2.1-or-later"
"libpsl5","0.17.0-3","libpsl","DPKG","MIT"
"librelaxng-datatype-java","1.0+ds1-3","librelaxng-datatype-java","DPKG","BSD-2-Clause"
"librest-0.7-0","0.8.0-2","librest","DPKG","LGPL-2.1-only"
"librsvg2-common","2.40.16-1+b1","librsvg","DPKG","LGPL-2.0-only"
"librsvg2-2","2.40.16-1+b1","librsvg","DPKG","LGPL-2.0-only"
"libselinux1","2.6-3+b3","libselinux","DPKG","LicenseRef-vision-public-domain"
"libsemanage1","2.6-2","libsemanage","DPKG","LGPL-2.0-or-later"
"libsepol1","2.6-2","libsepol","DPKG","LGPL-2.0-or-later"
"libslf4j-java","1.7.22-1","libslf4j-java","DPKG","MIT"
"libsndfile1","1.0.27-3","libsndfile","DPKG","LGPL-2.1-or-later"
"libsoup2.4-1","2.56.0-2+deb9u2","libsoup","DPKG","LGPL-2.0-only"
"libsoup-gnome2.4-1","2.56.0-2+deb9u2","libsoup","DPKG","LGPL-2.0-only"
"libssh2-1","1.7.0-1","libssh2","DPKG","BSD-3-Clause"
"libtasn1-6","4.10-1.1+deb9u1","libtasn","DPKG","LGPL-2.1-only"
"libthai0","0.1.26-1","libthai","DPKG","LGPL-2.1-or-later"
"libunistring0","0.9.6+really0.9.3-0.1","libunistring","DPKG","GPL-3.0-or-later"
"libvorbis0a","1.3.5-4+deb9u2","libvorbis","DPKG","BSD-3-Clause"
"libvorbisenc2","1.3.5-4+deb9u2","libvorbis","DPKG","BSD-3-Clause"
"libx11-xcb1","2:1.6.4-3+deb9u1","libx11","DPKG","BSD-2-Clause,MIT"
"libx11-6","2:1.6.4-3+deb9u1","libx11","DPKG","BSD-2-Clause,MIT"
"libxalan2-java","2.7.1-9","libxalan2-java","DPKG",""
"libxau-dev","1:1.0.8-1","libxau","DPKG","MIT"
"libxaw7","2:1.0.13-1+b2","libxaw","DPKG","MIT"
"libxbean-java","4.5-4","libxbean-java","DPKG",""
"libxcomposite1","1:0.4.4-2","libxcomposite","DPKG","MIT"
"libxcursor1","1:1.1.14-1+deb9u2","libxcursor","DPKG","MIT"
"libxdamage1","1:1.1.4-2+b3","libxdamage","DPKG","MIT"
"libxdmcp-dev","1:1.1.2-3","libxdmcp","DPKG","MIT"
"libxext6","2:1.3.3-1+b2","libxext","DPKG","MIT"
"libxfixes3","1:5.0.3-1","libxfixes","DPKG","MIT"
"libxi6","2:1.7.9-1","libxi","DPKG","MIT"
"libxinerama1","2:1.1.3-1+b3","libxinerama","DPKG","MIT"
"libxkbcommon0","0.7.1-2~deb9u1","libxkbcommon","DPKG","MIT,X11"
"libxml-commons-resolver1.1-java","1.2-7","libxml-commons-resolver1.1-java","DPKG",""
"libxml2","2.9.4+dfsg1-2.2+deb9u2","libxml2","DPKG","MIT"
"libxmu6","2:1.1.2-2","libxmu","DPKG","MIT"
"libxmuu1","2:1.1.2-2","libxmu","DPKG","MIT"
"libxpm4","1:3.5.12-1","libxpm","DPKG","MIT"
"libxpp2-java","2.1.10-7","libxpp2-java","DPKG",""
"libxpp3-java","1.1.4c-2","libxpp3-java","DPKG",""
"libxrender1","1:0.9.10-1","libxrender","DPKG","MIT"
"libxshmfence1","1.2-1+b2","libxshmfence","DPKG","MIT"
"libxt-dev","1:1.1.5-1","libxt","DPKG","MIT"
"libxtst6","2:1.2.3-1","libxtst","DPKG","MIT"
"libxv1","2:1.0.11-1","libxv","DPKG","MIT"
"libxxf86dga1","2:1.1.4-1+b3","libxxf86dga","DPKG","MIT"
"libxxf86vm1","1:1.1.4-1+b2","libxxf86vm","DPKG","MIT"
"liblz4-1","0.0~r131-2+b1","lz4","DPKG","BSD-2-Clause"
"maven","3.3.9-4","maven","DPKG","Apache-2.0"
"libmaven3-core-java","3.3.9-4","maven","DPKG","Apache-2.0"
"mawk","1.3.3-17+b3","mawk","DPKG","GPL-2.0-only,MIT"
"libegl1-mesa","13.0.6-1+b2","mesa","DPKG","MIT"
"libgl1-mesa-glx","13.0.6-1+b2","mesa","DPKG","MIT"
"libgbm1","13.0.6-1+b2","mesa","DPKG","MIT"
"libglapi-mesa","13.0.6-1+b2","mesa","DPKG","MIT"
"libwayland-egl1-mesa","13.0.6-1+b2","mesa","DPKG","MIT"
"libmsv-java","2009.1+dfsg1-5","msv","DPKG","BSD-2-Clause"
"ncurses-bin","6.0+20161126-1+deb9u2","ncurses","DPKG","X11"
"libncursesw5","6.0+20161126-1+deb9u2","ncurses","DPKG","X11"
"libtinfo5","6.0+20161126-1+deb9u2","ncurses","DPKG","X11"
"libhogweed4","3.3-1+b2","nettle","DPKG","LGPL-2.1-or-later"
"libnettle6","3.3-1+b2","nettle","DPKG","LGPL-2.1-or-later"
"libnghttp2-14","1.18.1-1","nghttp2","DPKG","MIT"
"libnpth0","1.3-1","npth","DPKG","GPL-2.0-only,LGPL-3.0-or-later"
"libnspr4","2:4.12-6","nspr","DPKG","GPL-2.0-only,LGPL-2.1-only,MPL-2.0"
"libnss3","2:3.26.2-1.1+deb9u1","nss-mdns","DPKG",""
"openjdk-8-jre-headless","8u181-b13-2~deb9u1","openjdk","DPKG","GPL-2.0-only"
"openjdk-8-jdk","8u181-b13-2~deb9u1","openjdk","DPKG","GPL-2.0-only"
"openjdk-8-jdk-headless","8u181-b13-2~deb9u1","openjdk","DPKG","GPL-2.0-only"
"openjdk-8-jre","8u181-b13-2~deb9u1","openjdk","DPKG","GPL-2.0-only"
"libldap-2.4-2","2.4.44+dfsg-5+deb9u2","openldap","DPKG","OLDAP-2.8"
"libssl1.0.2","1.0.2l-2+deb9u3","openssl","DPKG","OpenSSL"
"libssl1.1","1.1.0f-3+deb9u2","openssl","DPKG","OpenSSL"
"openssl","1.1.0f-3+deb9u2","openssl","DPKG","OpenSSL"
"libp11-kit0","0.23.3-2","p11-kit","DPKG","BSD-2-Clause"
"libpam0g","1.1.8-3.6","pam","DPKG","BSD-3-Clause"
"libpam-modules-bin","1.1.8-3.6","pam","DPKG","BSD-3-Clause"
"libpam-modules","1.1.8-3.6","pam","DPKG","BSD-3-Clause"
"libpango-1.0-0","1.40.5-1","pango","DPKG","LGPL-2.0-or-later,MIT"
"libpangocairo-1.0-0","1.40.5-1","pango","DPKG","LGPL-2.0-or-later,MIT"
"libpangoft2-1.0-0","1.40.5-1","pango","DPKG","LGPL-2.0-or-later,MIT"
"libpcre3","2:8.39-3","pcre3","DPKG",""
"libpcsclite1","1.8.20-1","pcsc-tools","DPKG","GPL-2.0-only"
"perl-base","5.24.1-3+deb9u4","perl","DPKG","Artistic-2.0,GPL-1.0-only"
"pinentry-curses","1.0.0-2","pinentry","DPKG","GPL-2.0-only"
"libpixman-1-0","0.34.0-1","pixman","DPKG","MIT"
"libplexus-ant-factory-java","1.0~alpha2.1-3","plexus-ant-factory","DPKG",""
"libplexus-archiver-java","2.2-1+deb9u1","plexus-archiver","DPKG",""
"libplexus-bsh-factory-java","1.0~alpha7-3.1","plexus-bsh-factory","DPKG","Apache-2.0"
"libplexus-cipher-java","1.7-1","plexus-cipher","DPKG","Apache-2.0"
"libplexus-classworlds-java","1.5.0-5","plexus-classworlds","DPKG",""
"libplexus-classworlds2-java","2.5.2-1","plexus-classworlds","DPKG","Apache-2.0"
"libplexus-cli-java","1.2-5","plexus-cli","DPKG","Apache-2.0"
"libplexus-container-default-java","1.0-alpha-9-stable-1-7","plexus-container-default","DPKG",""
"libplexus-containers-java","1.0~beta3.0.7-8","plexus-containers","DPKG",""
"libplexus-interactivity-api-java","1.0-alpha-6-7","plexus-interactivity-api","DPKG",""
"libplexus-io-java","1.0~alpha5-2","plexus-io","DPKG",""
"libplexus-utils-java","1:1.5.15-4+deb9u1","plexus-utils","DPKG","Apache-2.0"
"libpulse0","10.0-1+deb9u1","pulseaudio","DPKG","GPL-2.0-only,LGPL-2.1-only"
"libqdox2-java","2.0~M3-3","qdox","DPKG","Apache-2.0"
"libreadline7","7.0-3","readline","DPKG","GPL-3.0-only"
"librtmp1","2.4+20151223.gitfa8646d.1-1+b1","rtmpdump","DPKG","GPL-3.0-or-later,MIT"
"sed","4.4-1","sed","DPKG","GPL-3.0-or-later,MIT"
"passwd","1:4.4-4.1","shadow","DPKG","BSD-3-Clause"
"login","1:4.4-4.1","shadow","DPKG","BSD-3-Clause"
"shared-mime-info","1.8-1+deb9u1","shared-mime-info","DPKG","LGPL-2.0-or-later"
"libsisu-plexus-java","0.3.2-1","sisu-plexus","DPKG","EPL-1.0"
"libsm6","2:1.2.2-1+b3","sm","DPKG","MIT"
"libsqlite3-0","3.16.2-5+deb9u1","sqlite","DPKG","LicenseRef-vision-public-domain"
"libsystemd0","232-25+deb9u6","systemd","DPKG","LGPL-2.1-or-later"
"libudev1","232-25+deb9u6","systemd","DPKG","LGPL-2.1-or-later"
"sysvinit-utils","2.88dsf-59.9","sysvinit","DPKG","GPL-2.0-or-later"
"tar","1.29b-1.1","tar","DPKG","GPL-3.0-or-later"
"libwrap0","7.6.q-26","tcp-wrappers","DPKG","BSD-2-Clause"
"libtiff5","4.0.8-2+deb9u2","tiff","DPKG",""
"libservlet3.1-java","8.5.14-1+deb9u3","tomcat","DPKG","Apache-2.0"
"unzip","6.0-21","unzip","DPKG","BSD-4-Clause,MIT"
"libustr-1.0-1","1.0.4-6","ustr","DPKG","BSD-2-Clause,LGPL-2.0-only,MIT"
"util-linux","2.29.2-1+deb9u1","util-linux","DPKG","GPL-2.0-only"
"mount","2.29.2-1+deb9u1","util-linux","DPKG","GPL-2.0-only"
"libblkid1","2.29.2-1+deb9u1","util-linux","DPKG","GPL-2.0-only"
"libfdisk1","2.29.2-1+deb9u1","util-linux","DPKG","GPL-2.0-only"
"libmount1","2.29.2-1+deb9u1","util-linux","DPKG","GPL-2.0-only"
"libsmartcols1","2.29.2-1+deb9u1","util-linux","DPKG","GPL-2.0-only"
"libuuid1","2.29.2-1+deb9u1","util-linux","DPKG","GPL-2.0-only"
"bsdutils","1:2.29.2-1+deb9u1","util-linux","DPKG","GPL-2.0-only"
"libwagon-java","1.0.0-9","wagon","DPKG","Apache-2.0,ISC"
"libwagon2-java","2.10-6","wagon","DPKG","Apache-2.0"
"libwayland-client0","1.12.0-1","wayland","DPKG","MIT"
"libwayland-cursor0","1.12.0-1","wayland","DPKG","MIT"
"libwayland-server0","1.12.0-1","wayland","DPKG","MIT"
"wget","1.18-5+deb9u2","wget","DPKG","GPL-3.0-or-later,LicenseRef-vision-public-domain"
"x11-utils","7.7+3+b1","x11-utils","DPKG","MIT"
"libxcb-dri2-0","1.12-1","xcb","DPKG","Apache-2.0,MIT"
"libxcb-dri3-0","1.12-1","xcb","DPKG","Apache-2.0,MIT"
"libxcb-glx0","1.12-1","xcb","DPKG","Apache-2.0,MIT"
"libxcb-present0","1.12-1","xcb","DPKG","Apache-2.0,MIT"
"libxcb-render0","1.12-1","xcb","DPKG","Apache-2.0,MIT"
"libxcb-shape0","1.12-1","xcb","DPKG","Apache-2.0,MIT"
"libxcb-shm0","1.12-1","xcb","DPKG","Apache-2.0,MIT"
"libxcb-sync1","1.12-1","xcb","DPKG","Apache-2.0,MIT"
"libxcb-xfixes0","1.12-1","xcb","DPKG","Apache-2.0,MIT"
"libxcb1-dev","1.12-1","xcb","DPKG","Apache-2.0,MIT"
"libxerces2-java","2.11.0-7","xerces-c","DPKG","Apache-2.0"
"libxft2","2.3.2-1+b2","xft","DPKG","ISC"
"libxom-java","1.2.10-1","xom","DPKG","GPL-3.0-or-later,LGPL-3.0-or-later,MIT"
"libxrandr2","2:1.5.1-1","xrandr","DPKG","MIT"
"liblzma5","5.2.2-1.2+b1","xz","DPKG","LicenseRef-vision-public-domain"
"xz-utils","5.2.2-1.2+b1","xz","DPKG","LicenseRef-vision-public-domain"
"zlib1g","1:1.2.8.dfsg-5","zlib","DPKG","Zlib"
