"Name","Component Confidence","Type","Version","Version Confidence","Upgrade To","Licence","Licence Risk","Status","License URL from Repository","External Dependency"
"glibc","1.0","Dynamic Library","2.24","1.0","","LGPL-2.1-or-later","High","DETECTED","","False"
"debian","1.0","OS","9","1.0","","Apache-2.0","Low","DETECTED","","False"
"acl","1.0","Dynamic Library","2.2.52","1.0","","LGPL-2.1-or-later","High","DETECTED","","False"
"alsa-lib","1.0","Dynamic Library","1.1.3","1.0","","LGPL-2.1-or-later","High","DETECTED","","False"
"ant","1.0","Executable","1.9.9","1.0","1.10.11","MIT","Low","DETECTED","","False"
"aopalliance:aopalliance","1.0","Java","","","","Unlicense","Low","DETECTED","","True"
"apr","1.0","Dynamic Library","1.5.2","1.0","","Apache-2.0","Low","DETECTED","","False"
"apt","1.0","Executable","1.4.8","1.0","2.1.2","GPL-2.0-or-later,MIT","High","DETECTED","","False"
"asm","1.0","Executable","5.2","1.0","","BSD-3-Clause","Low","DETECTED","","False"
"asm:asm","1.0","Java","2.2.3","1.0","","","Unknown","DETECTED","","True"
"asm:asm-commons","1.0","Java","2.2.3","1.0","","","Unknown","DETECTED","","True"
"aspectj:aspectjrt","1.0","Java","debian","1.0","","","Unknown","DETECTED","","True"
"at-spi2-atk","1.0","Dynamic Library","2.22.0","1.0","","LGPL-2.0-only","High","DETECTED","","False"
"at-spi2-core","1.0","Dynamic Library","2.22.0","1.0","","LGPL-2.0-only","High","DETECTED","","False"
"atk","1.0","Dynamic Library","2.22.0","1.0","","GPL-2.0-or-later,LGPL-2.0-or-later,MIT","High","DETECTED","","False"
"attr","1.0","Dynamic Library","2.4.47","1.0","","GPL-2.0-only,LGPL-2.1-only","High","DETECTED","","False"
"audit","1.0","Dynamic Library","2.6.7","1.0","","GPL-2.0-only,LGPL-2.1-only","High","DETECTED","","False"
"avahi","1.0","Dynamic Library","0.6.32","1.0","0.8","GPL-2.0-or-later,LGPL-2.1-or-later","High","DETECTED","","False"
"base-passwd","1.0","Executable","3.5.43","1.0","","GPL-2.0-or-later","High","DETECTED","","False"
"bash","1.0","Executable","4.4","1.0","5.0","GPL-3.0-or-later","High","DETECTED","","False"
"bsh","1.0","Executable","2.0b4","1.0","","","Unknown","DETECTED","","False"
"bzip2","1.0","Executable","1.0.6","1.0","1.0.6","bzip2-1.0.6","Low","DETECTED","","False"
"ca-certificates-java","1.0","Executable","20170531","1.0","","","Unknown","DETECTED","","False"
"cairo","1.0","Dynamic Library","1.14.8","1.0","1.17.4","LGPL-2.1-only,MPL-1.0","High","DETECTED","","False"
"cdebconf","1.0","Dynamic Library","0.227","1.0","","BSD-2-Clause","Low","DETECTED","","False"
"cglib","1.0","Dynamic Library","3.2.4","1.0","","ISC","Low","DETECTED","","False"
"cglib:cglib","1.0","Java","3.2.4","1.0","","","Unknown","DETECTED","","False"
"cglib:cglib","1.0","Java","debian","1.0","","","Unknown","DETECTED","","True"
"cglib:cglib-nodep","1.0","Java","","","","Apache-2.0","Low","DETECTED","","True"
"ch.qos.logback:logback-classic","1.0","Java","","","","EPL-1.0,LGPL-2.1-only","High","DETECTED","","True"
"classworlds:classworlds","1.0","Java","debian","1.0","","","Unknown","DETECTED","","True"
"colord","1.0","Dynamic Library","1.3.3","1.0","","GPL-2.0-only,MIT","High","DETECTED","","False"
"com.google.code.findbugs:jsr305","1.0","Java","2.0.1","1.0","","Apache-2.0","Low","DETECTED","","True"
"com.google.code.findbugs:jsr305","1.0","Java","1.3.7","1.0","","Apache-2.0","Low","DETECTED","","True"
"com.google.collections:google-collections","1.0","Java","1.0","1.0","","Apache-2.0","Low","DETECTED","","False"
"com.google.guava:guava","1.0","Java","19.0","1.0","","Apache-2.0","Low","DETECTED","","False"
"com.google.guava:guava","1.0","Java","debian","1.0","","Apache-2.0","Low","DETECTED","","True"
"com.google.inject.extensions:guice-assistedinject","1.0","Java","4.0","1.0","","","Unknown","DETECTED","","False"
"com.google.inject.extensions:guice-grapher","1.0","Java","4.0","1.0","","","Unknown","DETECTED","","False"
"com.google.inject.extensions:guice-jmx","1.0","Java","4.0","1.0","","","Unknown","DETECTED","","False"
"com.google.inject.extensions:guice-jndi","1.0","Java","4.0","1.0","","","Unknown","DETECTED","","False"
"com.google.inject.extensions:guice-multibindings","1.0","Java","4.0","1.0","","","Unknown","DETECTED","","False"
"com.google.inject.extensions:guice-servlet","1.0","Java","4.0","1.0","","","Unknown","DETECTED","","False"
"com.google.inject.extensions:guice-spring","1.0","Java","4.0","1.0","","","Unknown","DETECTED","","False"
"com.google.inject.extensions:guice-throwingproviders","1.0","Java","4.0","1.0","","","Unknown","DETECTED","","False"
"com.google.inject:guice","1.0","Java","4.0","1.0","","Apache-2.0,MIT","Low","DETECTED","","False"
"com.google.inject:guice","1.0","Java","debian","1.0","","Apache-2.0,MIT","Low","DETECTED","","True"
"com.jcraft:jsch","1.0","Java","debian","1.0","","BSD-3-Clause","Low","DETECTED","","True"
"com.sun.msv.datatype.xsd:xsdlib","1.0","Java","2009.1","1.0","","BSD-3-Clause","Low","DETECTED","","False"
"com.thoughtworks.qdox:qdox","1.0","Java","2.0-M3","1.0","","Apache-2.0","Low","DETECTED","","False"
"com.thoughtworks.xstream:xstream","1.0","Java","1.3.1","1.0","","MIT","Low","DETECTED","","False"
"commons-cli:commons-cli","1.0","Java","1.3.1","1.0","","Apache-2.0","Low","DETECTED","","False"
"commons-cli:commons-cli","1.0","Java","debian","1.0","","Apache-2.0","Low","DETECTED","","True"
"commons-cli:commons-cli","1.0","Java","1.0","1.0","","Apache-2.0","Low","DETECTED","","True"
"commons-codec:commons-codec","1.0","Java","debian","1.0","","Apache-2.0","Low","DETECTED","","True"
"commons-collections:commons-collections","1.0","Java","3.2.1","1.0","","Apache-2.0","Low","DETECTED","","False"
"commons-daemon:commons-daemon","1.0","Java","1.1.0","1.0","","","Unknown","DETECTED","","False"
"commons-httpclient","1.0","Executable","3.1","1.0","","Apache-2.0","Low","DETECTED","","False"
"commons-httpclient:commons-httpclient","1.0","Java","3.x","1.0","","Apache-2.0","Low","DETECTED","","True"
"commons-io","1.0","Executable","2.5","1.0","","Apache-2.0","Low","DETECTED","","False"
"commons-io:commons-io","1.0","Java","2.5","1.0","","Apache-2.0","Low","DETECTED","","False"
"commons-io:commons-io","1.0","Java","2.2","1.0","","Apache-2.0","Low","DETECTED","","False"
"commons-io:commons-io","1.0","Java","debian","1.0","","Apache-2.0","Low","DETECTED","","True"
"commons-lang:commons-lang","1.0","Java","debian","1.0","","Apache-2.0","Low","DETECTED","","True"
"commons-logging:commons-logging","1.0","Java","1.2","1.0","","Apache-2.0","Low","DETECTED","","False"
"commons-logging:commons-logging","1.0","Java","debian","1.0","","Apache-2.0","Low","DETECTED","","True"
"commons-logging:commons-logging-api","1.0","Java","1.1","1.0","","Apache-2.0","Low","DETECTED","","True"
"commons-net:commons-net","1.0","Java","3.5","1.0","","Apache-2.0","Low","DETECTED","","False"
"commons-net:commons-net","1.0","Java","debian","1.0","","Apache-2.0","Low","DETECTED","","True"
"coreutils","1.0","Executable","8.26","1.0","","GPL-3.0-or-later","High","DETECTED","","False"
"cups","1.0","Dynamic Library","2.2.1","1.0","499.4","GPL-2.0-only,LGPL-2.0-only,CUSTOM-cups-AOSDL","High","DETECTED","","False"
"curl","1.0","Executable","7.52.1","1.0","7.85.0","curl","Low","DETECTED","","False"
"cyrus-imapd","1.0","Dynamic Library","2.1.27","1.0","2.1.28","BSD-4-Clause-UC","Low","DETECTED","","False"
"d-conf","1.0","Executable","0.26.0","1.0","","LGPL-2.0-or-later","High","DETECTED","","False"
"dash","1.0","Executable","0.5.8","1.0","","GPL-2.0-or-later,MIT","High","DETECTED","","False"
"db","1.0","Dynamic Library","5.3.28","1.0","","MIT,Sleepycat","High","DETECTED","","False"
"dbus","1.0","Dynamic Library","1.10.26","1.0","1.13.12","AFL-2.1,GPL-2.0-or-later","High","DETECTED","","False"
"debconf","1.0","Executable","1.5.61","1.0","","","Unknown","DETECTED","","False"
"debianutils","1.0","Executable","4.8.1.1","1.0","","GPL-3.0-or-later","High","DETECTED","","False"
"diffutils","1.0","Executable","3.5","1.0","","GPL-3.0-or-later","High","DETECTED","","False"
"dom4j","1.0","Executable","1.6.1","1.0","2.1.3","CUSTOM-dom4j-DOM4J","Unknown","DETECTED","","False"
"dom4j:dom4j","1.0","Java","debian","1.0","","BSD-3-Clause,BSD-4-Clause","Low","DETECTED","","True"
"dpkg","1.0","Executable","1.18.25","1.0","1.21.8","GPL-3.0-or-later,ISC","High","DETECTED","","False"
"e2fsprogs","1.0","Executable","1.43.4","1.0","1.45.4","GPL-2.0-only,LGPL-2.0-only,MIT","High","DETECTED","","False"
"easymock","1.0","Executable","3.4","1.0","","Apache-2.0","Low","DETECTED","","False"
"elfutils","1.0","Dynamic Library","0.168","1.0","0.174","GPL-3.0-or-later","High","DETECTED","","False"
"expat","1.0","Dynamic Library","2.2.0","1.0","2.4.9","MIT","Low","DETECTED","","False"
"findutils","1.0","Executable","4.6.0","1.0","","GPL-3.0-or-later","High","DETECTED","","False"
"flac","1.0","Dynamic Library","1.3.2","1.0","1.3.2","BSD-3-Clause,GFDL-1.2,GPL-2.0-only,LGPL-2.1-only","High","DETECTED","","False"
"fontconfig","1.0","Executable","2.11.0","1.0","","MIT","Low","DETECTED","","False"
"freetype","1.0","Dynamic Library","2.6.3","1.0","2.12.0","FTL,GPL-2.0-only","High","DETECTED","","False"
"gcc","1.0","Executable","6.3.0","1.0","10.1.0","GCC-exception-3.1,GPL-3.0-or-later","High","DETECTED","","False"
"gdk-pixbuf","1.0","Executable","2.36.5","1.0","2.42.8","LGPL-2.1-or-later","High","DETECTED","","False"
"giflib","1.0","Dynamic Library","5.1.4","1.0","5.1.7","MIT","Low","DETECTED","","False"
"glib","1.0","Dynamic Library","2.50.3","1.0","2.67.4","LGPL-2.1-or-later","High","DETECTED","","False"
"glib-networking","1.0","Executable","2.50.0","1.0","2.64.3","LGPL-2.0-only","High","DETECTED","","False"
"gmp","1.0","Dynamic Library","6.1.2","1.0","6.2.1","GPL-2.0-or-later,LGPL-3.0-or-later","High","DETECTED","","False"
"gnupg","1.0","Executable","2.1.18","1.0","2.3.6","GPL-3.0-or-later","High","DETECTED","","False"
"gnutls","1.0","Dynamic Library","3.5.8","1.0","3.7.7","LGPL-2.1-or-later","High","DETECTED","","False"
"graphite2","1.0","Dynamic Library","1.3.10","1.0","","LGPL-3.0-or-later","High","DETECTED","","False"
"grep","1.0","Executable","2.27","1.0","","GPL-3.0-or-later,MIT","High","DETECTED","","False"
"gtk","1.0","Executable","2.24.31","1.0","","LGPL-2.0-only,LGPL-2.0-or-later,LGPL-2.1-or-later,MIT","High","DETECTED","","False"
"gtk","1.0","Executable","3.22.11","1.0","","LGPL-2.0-only,LGPL-2.0-or-later,LGPL-2.1-or-later,MIT","High","DETECTED","","False"
"guice","1.0","Executable","4.0","1.0","","Apache-2.0","Low","DETECTED","","False"
"gzip","1.0","Executable","1.6","1.0","1.12","GPL-3.0-or-later","High","DETECTED","","False"
"harfbuzz","1.0","Dynamic Library","1.4.2","1.0","","MIT","Low","DETECTED","","False"
"hostname","1.0","Executable","3.18","1.0","","GPL-2.0-only,MIT","High","DETECTED","","False"
"httpcomponents-client","1.0","Executable","4.5.2","1.0","","Apache-2.0","Low","DETECTED","","False"
"httpcomponents-core","1.0","Executable","4.4.6","1.0","","Apache-2.0","Low","DETECTED","","False"
"icedtea-web","1.0","Executable","1.6.2","1.0","1.8.2","","Unknown","DETECTED","","False"
"icu","1.0","Dynamic Library","57.1","1.0","","ICU","Low","DETECTED","","False"
"iproute2","1.0","Executable","4.9.0","1.0","","GPL-2.0-only","High","DETECTED","","False"
"iputil","1.0","Executable","20161105","1.0","","BSD-3-Clause,GPL-2.0-or-later","High","DETECTED","","False"
"isorelax:isorelax","1.0","Java","","","","","Unknown","DETECTED","","True"
"javax.enterprise:cdi-api","1.0","Java","debian","1.0","","Apache-2.0","Low","DETECTED","","True"
"javax.inject:javax.inject","1.0","Java","","","","Apache-2.0","Low","DETECTED","","True"
"javax.servlet:javax.servlet-api","1.0","Java","","","","CDDL-1.1,GPL-2.0-only","High","DETECTED","","True"
"jaxen:jaxen","1.0","Java","1.1.6","1.0","","BSD-2-Clause,CUSTOM-jaxen:jaxen","Low","DETECTED","","False"
"jbigkit","1.0","Dynamic Library","2.1","1.0","","GPL-3.0-or-later","High","DETECTED","","False"
"jetty","1.0","Executable","9.2.21","1.0","11.0.9","BSD-2-Clause,MPL-2.0","Medium","DETECTED","","False"
"jmock:jmock","1.0","Java","","","","BSD-3-Clause","Low","DETECTED","","True"
"joda-time:joda-time","1.0","Java","","","","Apache-2.0","Low","DETECTED","","True"
"jquery","1.0","JavaScript","1.6.4","1.0","3.5.0","MIT","Low","DETECTED","","False"
"jsch","1.0","Executable","0.1.54","1.0","","BSD-3-Clause","Low","DETECTED","","False"
"json-glib","1.0","Dynamic Library","1.2.6","1.0","","LGPL-2.1-or-later","High","DETECTED","","False"
"jsoup","1.0","Executable","1.10.2","1.0","1.15.3","MIT","Low","DETECTED","","False"
"junit","1.0","Executable","4.12","1.0","","Apache-2.0,EPL-1.0,GPL-3.0-or-later,MIT,CUSTOM-junit","High","DETECTED","","False"
"junit","1.0","Executable","3.8.2","1.0","","Apache-2.0,EPL-1.0,GPL-3.0-or-later,MIT,CUSTOM-junit","High","DETECTED","","False"
"junit:junit","1.0","Java","4.12","1.0","","Apache-2.0,EPL-1.0,GPL-3.0-or-later,MIT,CUSTOM-junit:junit","High","DETECTED","","False"
"junit:junit","1.0","Java","3.x","1.0","","Apache-2.0,EPL-1.0,GPL-3.0-or-later,MIT,CUSTOM-junit:junit","High","DETECTED","","True"
"junit:junit","1.0","Java","4.x","1.0","","Apache-2.0,EPL-1.0,GPL-3.0-or-later,MIT,CUSTOM-junit:junit","High","DETECTED","","True"
"jzlib","1.0","Dynamic Library","1.1.3","1.0","","BSD-3-Clause","Low","DETECTED","","False"
"keyutils","1.0","Dynamic Library","1.5.9","1.0","","Apache-2.0,GPL-2.0-or-later,LGPL-2.0-or-later","High","DETECTED","","False"
"krb5","1.0","Dynamic Library","1.15","1.0","","BSD-3-Clause,MIT","Low","DETECTED","","False"
"lcms","1.0","Dynamic Library","2.8","1.0","","MIT","Low","DETECTED","","False"
"libassuan","1.0","Dynamic Library","2.4.3","1.0","","GPL-3.0-or-later","High","DETECTED","","False"
"libasyncns","1.0","Dynamic Library","0.8","1.0","","LGPL-2.0-or-later","High","DETECTED","","False"
"libbsd","1.0","Dynamic Library","0.8.3","1.0","0.10.0","BSD-4-Clause","Low","DETECTED","","False"
"libcap","1.0","Dynamic Library","2.25","1.0","","BSD-3-Clause,GPL-2.0-or-later","Low","DETECTED","","False"
"libcap-ng","1.0","Dynamic Library","0.7.7","1.0","","LGPL-2.1","High","DETECTED","","False"
"libcommons-codec-java","1.0","Dynamic Library","1.10","1.0","","Apache-2.0","Low","DETECTED","","False"
"libcommons-logging-java","1.0","Dynamic Library","1.2","1.0","","Apache-2.0","Low","DETECTED","","False"
"libcommons-net-java","1.0","Dynamic Library","3.5","1.0","","Apache-2.0","Low","DETECTED","","False"
"libcroco","1.0","Dynamic Library","0.6.11","1.0","0.6.13","LGPL-2.0-only,LGPL-2.1-only","High","DETECTED","","False"
"libdatrie","1.0","Dynamic Library","0.2.10","1.0","","LGPL-2.1-or-later","High","DETECTED","","False"
"libdrm","1.0","Dynamic Library","2.4.74","1.0","","MIT","Low","DETECTED","","False"
"libepoxy","1.0","Dynamic Library","1.3.1","1.0","","MIT","Low","DETECTED","https://raw.githubusercontent.com/anholt/libepoxy/HEAD/COPYING","False"
"libffi","1.0","Dynamic Library","3.2.1","1.0","","MIT","Low","DETECTED","","False"
"libfontenc","1.0","Dynamic Library","1.1.3","1.0","","MIT","Low","DETECTED","","False"
"libgcrypt","1.0","Dynamic Library","1.7.6","1.0","1.9.4","GPL-2.0-or-later,LGPL-2.1-or-later","High","DETECTED","","False"
"libgpg-error","1.0","Dynamic Library","1.26","1.0","","GPL-2.0-only","High","DETECTED","","False"
"libhamcrest-java","1.0","Dynamic Library","1.3","1.0","","BSD-3-Clause","Low","DETECTED","","False"
"libice","1.0","Dynamic Library","1.0.9","1.0","","MIT","Low","DETECTED","","False"
"libidn","1.0","Dynamic Library","0.16","1.0","2.2.0","LGPL-2.1-or-later","High","DETECTED","","False"
"libidn","1.0","Dynamic Library","1.33","1.0","2.2.0","LGPL-2.1-or-later","High","DETECTED","","False"
"libjaxen-java","1.0","Dynamic Library","1.1.6","1.0","","BSD-2-Clause","Low","DETECTED","","False"
"libjaxp1.3-java","1.0","Dynamic Library","1.3.05","1.0","","","Unknown","DETECTED","","False"
"libjdom1-java","1.0","Dynamic Library","1.1.3","1.0","","BSD-4-Clause","Low","DETECTED","","False"
"libjpeg-turbo","1.0","Dynamic Library","1.5.1","1.0","2.0.4","BSD-3-Clause","Low","DETECTED","","False"
"libjsr305-java","1.0","Dynamic Library","0.1","1.0","","BSD-3-Clause","Low","DETECTED","","False"
"libksba","1.0","Dynamic Library","1.3.5","1.0","","GPL-3.0-or-later","High","DETECTED","","False"
"libmnl","1.0","Dynamic Library","1.0.4","1.0","","LGPL-2.1-or-later","High","DETECTED","","False"
"libogg","1.0","Dynamic Library","1.3.2","1.0","","BSD-3-Clause","Low","DETECTED","","False"
"libpng","1.0","Dynamic Library","1.6.28","1.0","1.6.37","Libpng","Low","DETECTED","","False"
"libproxy","1.0","Dynamic Library","0.4.14","1.0","0.4.15","LGPL-2.1-or-later","High","DETECTED","","False"
"libpsl","1.0","Dynamic Library","0.17.0","1.0","","MIT","Low","DETECTED","https://raw.githubusercontent.com/rockdaboot/libpsl/HEAD/LICENSE","False"
"librelaxng-datatype-java","1.0","Dynamic Library","1.0","1.0","","BSD-2-Clause","Low","DETECTED","","False"
"librest","1.0","Dynamic Library","0.8.0","1.0","","LGPL-2.1-only","High","DETECTED","","False"
"librsvg","1.0","Dynamic Library","2.40.16","1.0","2.44.16","LGPL-2.0-or-later,MIT","High","DETECTED","","False"
"libselinux","1.0","Dynamic Library","2.6","1.0","","LicenseRef-vision-public-domain","Low","DETECTED","","False"
"libsemanage","1.0","Dynamic Library","2.6","1.0","","LGPL-2.0-or-later","High","DETECTED","","False"
"libsepol","1.0","Dynamic Library","2.6","1.0","","LGPL-2.0-or-later","High","DETECTED","","False"
"libslf4j-java","1.0","Dynamic Library","1.7.22","1.0","","MIT","Low","DETECTED","","False"
"libsndfile","1.0","Dynamic Library","1.0.27","1.0","","LGPL-2.1-or-later","High","DETECTED","","False"
"libsoup","1.0","Dynamic Library","2.56.0","1.0","2.62.0","GPL-2.0-only","High","DETECTED","","False"
"libssh2","1.0","Dynamic Library","1.7.0","1.0","1.9.0","BSD-2-Clause","Low","DETECTED","","False"
"libtasn","1.0","Dynamic Library","4.10","1.0","4.19.0","LGPL-2.1-only","High","DETECTED","","False"
"libthai","1.0","Dynamic Library","0.1.26","1.0","","LGPL-2.1-only","High","DETECTED","","False"
"libunistring","1.0","Dynamic Library","0.9.6","1.0","","GPL-3.0-or-later","High","DETECTED","","False"
"libvorbis","1.0","Dynamic Library","1.3.5","1.0","1.4.0","BSD-3-Clause","Low","DETECTED","","False"
"libx11","1.0","Dynamic Library","1.6.4","1.0","1.7.1","BSD-2-Clause,MIT","Low","DETECTED","","False"
"libxalan2-java","1.0","Dynamic Library","2.7.1","1.0","","","Unknown","DETECTED","","False"
"libxau","1.0","Dynamic Library","1.0.8","1.0","","MIT","Low","DETECTED","","False"
"libxaw","1.0","Dynamic Library","1.0.13","1.0","","MIT","Low","DETECTED","","False"
"libxbean-java","1.0","Dynamic Library","4.5","1.0","","","Unknown","DETECTED","","False"
"libxcomposite","1.0","Dynamic Library","0.4.4","1.0","","MIT","Low","DETECTED","","False"
"libxcursor","1.0","Dynamic Library","1.1.14","1.0","","MIT","Low","DETECTED","","False"
"libxdamage","1.0","Dynamic Library","1.1.4","1.0","","MIT","Low","DETECTED","","False"
"libxdmcp","1.0","Dynamic Library","1.1.2","1.0","","MIT","Low","DETECTED","","False"
"libxext","1.0","Dynamic Library","1.3.3","1.0","","MIT","Low","DETECTED","","False"
"libxfixes","1.0","Dynamic Library","5.0.3","1.0","","MIT","Low","DETECTED","","False"
"libxi","1.0","Dynamic Library","1.7.9","1.0","","MIT","Low","DETECTED","","False"
"libxinerama","1.0","Dynamic Library","1.1.3","1.0","","MIT","Low","DETECTED","","False"
"libxkbcommon","1.0","Dynamic Library","0.7.1","1.0","0.8.1","MIT,X11","Low","DETECTED","","False"
"libxml-commons-resolver1.1-java","1.0","Dynamic Library","1.2","1.0","","","Unknown","DETECTED","","False"
"libxml2","1.0","Dynamic Library","2.9.4","1.0","2.9.14","MIT","Low","DETECTED","","False"
"libxmu","1.0","Dynamic Library","1.1.2","1.0","","MIT","Low","DETECTED","","False"
"libxpm","1.0","Dynamic Library","3.5.12","1.0","","MIT","Low","DETECTED","","False"
"libxpp2-java","1.0","Dynamic Library","2.1.10","1.0","","","Unknown","DETECTED","","False"
"libxpp3-java","1.0","Dynamic Library","1.1.4c","1.0","","","Unknown","DETECTED","","False"
"libxrender","1.0","Dynamic Library","0.9.10","1.0","","MIT","Low","DETECTED","","False"
"libxshmfence","1.0","Dynamic Library","1.2","1.0","","MIT","Low","DETECTED","","False"
"libxt","1.0","Dynamic Library","1.1.5","1.0","","MIT","Low","DETECTED","","False"
"libxtst","1.0","Dynamic Library","1.2.3","1.0","","MIT","Low","DETECTED","","False"
"libxv","1.0","Dynamic Library","1.0.11","1.0","","MIT","Low","DETECTED","","False"
"libxxf86dga","1.0","Dynamic Library","1.1.4","1.0","","MIT","Low","DETECTED","","False"
"libxxf86vm","1.0","Dynamic Library","1.1.4","1.0","","MIT","Low","DETECTED","","False"
"log4j:log4j","1.0","Java","1.2.x","1.0","","Apache-2.0,BSD-2-Clause,GPL-3.0-or-later","High","DETECTED","","True"
"log4j:log4j","1.0","Java","1.2.12","1.0","","Apache-2.0,BSD-2-Clause,GPL-3.0-or-later","High","DETECTED","","True"
"lz4","1.0","Dynamic Library","0.0","1.0","1.9.2","BSD-2-Clause,GPL-2.0-only","High","DETECTED","https://raw.githubusercontent.com/lz4/lz4/HEAD/LICENSE","False"
"maven","1.0","Executable","3.3.9","1.0","3.8.1","Apache-2.0","Low","DETECTED","","False"
"mawk","1.0","Executable","1.3.3","1.0","","GPL-2.0-only,MIT","High","DETECTED","","False"
"mesa","1.0","Dynamic Library","13.0.6","1.0","","MIT","Low","DETECTED","","False"
"msv","1.0","Executable","2009.1","1.0","","BSD-2-Clause","Low","DETECTED","","False"
"ncurses","1.0","Executable","6.0","1.0","6.3","X11","Low","DETECTED","","False"
"net.java.dev.msv:msv-core","1.0","Java","2009.1","1.0","","BSD-3-Clause","Low","DETECTED","","False"
"net.java.dev.msv:msv-rngconverter","1.0","Java","2009.1","1.0","","BSD-3-Clause","Low","DETECTED","","False"
"net.java.dev.msv:msv-testharness","1.0","Java","2009.1","1.0","","BSD-3-Clause","Low","DETECTED","","False"
"nettle","1.0","Dynamic Library","3.3","1.0","3.7.3","GPL-2.0-or-later","High","DETECTED","","False"
"nghttp2","1.0","Dynamic Library","1.18.1","1.0","1.41.0","MIT","Low","DETECTED","","False"
"npth","1.0","Dynamic Library","1.3","1.0","","GPL-2.0-only,GPL-2.0-or-later,LGPL-3.0-or-later","High","DETECTED","","False"
"nspr","1.0","Dynamic Library","4.12","1.0","","GPL-2.0-only,LGPL-2.1-only,MPL-2.0","High","DETECTED","","False"
"nss-mdns","1.0","Dynamic Library","3.26.2","1.0","","","Unknown","DETECTED","","False"
"openjdk","1.0","Executable","8u181","1.0","8","GPL-2.0-only","High","DETECTED","","False"
"openldap","1.0","Dynamic Library","2.4.44","1.0","","OLDAP-2.8","Low","DETECTED","","False"
"openssl","1.0","Dynamic Library","1.0.2l","1.0","3.0.4","OpenSSL,CUSTOM-openssl","Low","DETECTED","","False"
"openssl","1.0","Executable","1.1.0f","1.0","3.0.3","OpenSSL,CUSTOM-openssl","Low","DETECTED","","False"
"org.apache.ant:ant","1.0","Java","debian","1.0","","MIT","Low","DETECTED","","True"
"org.apache.ant:ant-launcher","1.0","Java","debian","1.0","","","Unknown","DETECTED","","True"
"org.apache.commons:commons-lang3","1.0","Java","3.5","1.0","","Apache-2.0","Low","DETECTED","","False"
"org.apache.commons:commons-lang3","1.0","Java","3.1","1.0","","Apache-2.0","Low","DETECTED","","False"
"org.apache.httpcomponents:fluent-hc","1.0","Java","4.5.2","1.0","","","Unknown","DETECTED","","False"
"org.apache.httpcomponents:httpclient","1.0","Java","4.5.2","1.0","","Apache-2.0,EPL-1.0","Medium","DETECTED","","False"
"org.apache.httpcomponents:httpclient","1.0","Java","debian","1.0","","Apache-2.0,EPL-1.0","Medium","DETECTED","","True"
"org.apache.httpcomponents:httpcore","1.0","Java","4.4.6","1.0","","Apache-2.0","Low","DETECTED","","False"
"org.apache.httpcomponents:httpcore","1.0","Java","4.4.5","1.0","","Apache-2.0","Low","DETECTED","","False"
"org.apache.httpcomponents:httpcore-nio","1.0","Java","4.4.6","1.0","","Apache-2.0","Low","DETECTED","","False"
"org.apache.maven.doxia:doxia-core","1.0","Java","1.1.4","1.0","","Apache-2.0","Low","DETECTED","","False"
"org.apache.maven.doxia:doxia-logging-api","1.0","Java","1.1.4","1.0","","Apache-2.0","Low","DETECTED","","False"
"org.apache.maven.doxia:doxia-logging-api","1.0","Java","debian","1.0","","Apache-2.0","Low","DETECTED","","True"
"org.apache.maven.doxia:doxia-sink-api","1.0","Java","1.1.4","1.0","","Apache-2.0","Low","DETECTED","","False"
"org.apache.maven.doxia:doxia-sink-api","1.0","Java","1.0-alpha-7","1.0","","Apache-2.0","Low","DETECTED","","False"
"org.apache.maven.doxia:doxia-sink-api","1.0","Java","debian","1.0","","Apache-2.0","Low","DETECTED","","True"
"org.apache.maven.doxia:doxia-sink-api","1.0","Java","1.0-alpha-10","1.0","","Apache-2.0","Low","DETECTED","","True"
"org.apache.maven.plugin-tools:maven-plugin-annotations","1.0","Java","3.2","1.0","","","Unknown","DETECTED","","False"
"org.apache.maven.plugins:maven-clean-plugin","1.0","Java","2.5","1.0","","Apache-2.0","Low","DETECTED","","False"
"org.apache.maven.plugins:maven-compiler-plugin","1.0","Java","3.2","1.0","","Apache-2.0","Low","DETECTED","","False"
"org.apache.maven.plugins:maven-resources-plugin","1.0","Java","2.6","1.0","","","Unknown","DETECTED","","False"
"org.apache.maven.plugins:maven-surefire-plugin","1.0","Java","2.17","1.0","","Apache-2.0","Low","DETECTED","","False"
"org.apache.maven.plugins:maven-war-plugin","1.0","Java","2.2","1.0","","Apache-2.0","Low","DETECTED","","False"
"org.apache.maven.reporting:maven-reporting-api","1.0","Java","2.0.6","1.0","","Apache-2.0","Low","DETECTED","","False"
"org.apache.maven.reporting:maven-reporting-api","1.0","Java","2.0.9","1.0","","Apache-2.0","Low","DETECTED","","False"
"org.apache.maven.reporting:maven-reporting-api","1.0","Java","debian","1.0","","Apache-2.0","Low","DETECTED","","True"
"org.apache.maven.shared:maven-common-artifact-filters","1.0","Java","1.3","1.0","","Apache-2.0","Low","DETECTED","","False"
"org.apache.maven.shared:maven-filtering","1.0","Java","1.0-beta-2","1.0","","","Unknown","DETECTED","","False"
"org.apache.maven.shared:maven-filtering","1.0","Java","1.1","1.0","","","Unknown","DETECTED","","False"
"org.apache.maven.shared:maven-shared-incremental","1.0","Java","1.1","1.0","","Apache-2.0","Low","DETECTED","","False"
"org.apache.maven.shared:maven-shared-utils","1.0","Java","0.4","1.0","","","Unknown","DETECTED","","False"
"org.apache.maven.shared:maven-shared-utils","1.0","Java","0.1","1.0","","","Unknown","DETECTED","","False"
"org.apache.maven.surefire:maven-surefire-common","1.0","Java","2.17","1.0","","Apache-2.0","Low","DETECTED","","False"
"org.apache.maven.surefire:surefire-api","1.0","Java","2.17","1.0","","Apache-2.0","Low","DETECTED","","False"
"org.apache.maven.surefire:surefire-booter","1.0","Java","2.17","1.0","","Apache-2.0","Low","DETECTED","","False"
"org.apache.maven.surefire:surefire-shadefire","1.0","Java","","","","Apache-2.0","Low","DETECTED","","True"
"org.apache.maven.wagon:wagon-file","1.0","Java","2.10","1.0","","","Unknown","DETECTED","","False"
"org.apache.maven.wagon:wagon-file","1.0","Java","1.0","1.0","","","Unknown","DETECTED","","False"
"org.apache.maven.wagon:wagon-ftp","1.0","Java","2.10","1.0","","","Unknown","DETECTED","","False"
"org.apache.maven.wagon:wagon-ftp","1.0","Java","1.0","1.0","","","Unknown","DETECTED","","False"
"org.apache.maven.wagon:wagon-http","1.0","Java","1.0","1.0","","","Unknown","DETECTED","","False"
"org.apache.maven.wagon:wagon-http","1.0","Java","2.10","1.0","","","Unknown","DETECTED","","False"
"org.apache.maven.wagon:wagon-http","1.0","Java","debian","1.0","","","Unknown","DETECTED","","True"
"org.apache.maven.wagon:wagon-http-lightweight","1.0","Java","2.10","1.0","","","Unknown","DETECTED","","False"
"org.apache.maven.wagon:wagon-http-lightweight","1.0","Java","1.0","1.0","","","Unknown","DETECTED","","False"
"org.apache.maven.wagon:wagon-http-lightweight","1.0","Java","debian","1.0","","","Unknown","DETECTED","","True"
"org.apache.maven.wagon:wagon-http-shared","1.0","Java","1.0","1.0","","","Unknown","DETECTED","","False"
"org.apache.maven.wagon:wagon-http-shared","1.0","Java","2.10","1.0","","","Unknown","DETECTED","","False"
"org.apache.maven.wagon:wagon-provider-api","1.0","Java","2.10","1.0","","","Unknown","DETECTED","","False"
"org.apache.maven.wagon:wagon-provider-api","1.0","Java","1.0","1.0","","","Unknown","DETECTED","","False"
"org.apache.maven.wagon:wagon-provider-api","1.0","Java","debian","1.0","","","Unknown","DETECTED","","True"
"org.apache.maven.wagon:wagon-provider-test","1.0","Java","2.10","1.0","","","Unknown","DETECTED","","False"
"org.apache.maven.wagon:wagon-ssh","1.0","Java","1.0","1.0","","","Unknown","DETECTED","","False"
"org.apache.maven.wagon:wagon-ssh","1.0","Java","debian","1.0","","","Unknown","DETECTED","","True"
"org.apache.maven.wagon:wagon-ssh-common","1.0","Java","1.0","1.0","","","Unknown","DETECTED","","False"
"org.apache.maven.wagon:wagon-ssh-external","1.0","Java","1.0","1.0","","","Unknown","DETECTED","","False"
"org.apache.maven.wagon:wagon-tck-http","1.0","Java","2.10","1.0","","","Unknown","DETECTED","","False"
"org.apache.maven:maven-aether-provider","1.0","Java","3.3.9","1.0","","Apache-2.0","Low","DETECTED","","False"
"org.apache.maven:maven-archiver","1.0","Java","2.5","1.0","","Apache-2.0","Low","DETECTED","","False"
"org.apache.maven:maven-archiver","1.0","Java","debian","1.0","","Apache-2.0","Low","DETECTED","","True"
"org.apache.maven:maven-artifact","1.0","Java","3.3.9","1.0","","Apache-2.0","Low","DETECTED","","False"
"org.apache.maven:maven-artifact","1.0","Java","2.0.6","1.0","","Apache-2.0","Low","DETECTED","","False"
"org.apache.maven:maven-artifact","1.0","Java","2.0.9","1.0","","Apache-2.0","Low","DETECTED","","False"
"org.apache.maven:maven-artifact","1.0","Java","debian","1.0","","Apache-2.0","Low","DETECTED","","True"
"org.apache.maven:maven-artifact","1.0","Java","3.0","1.0","","Apache-2.0","Low","DETECTED","","True"
"org.apache.maven:maven-artifact-manager","1.0","Java","2.0.6","1.0","","Apache-2.0","Low","DETECTED","","False"
"org.apache.maven:maven-artifact-manager","1.0","Java","2.0.9","1.0","","Apache-2.0","Low","DETECTED","","False"
"org.apache.maven:maven-artifact-manager","1.0","Java","debian","1.0","","Apache-2.0","Low","DETECTED","","True"
"org.apache.maven:maven-builder-support","1.0","Java","3.3.9","1.0","","Apache-2.0","Low","DETECTED","","False"
"org.apache.maven:maven-compat","1.0","Java","3.3.9","1.0","","Apache-2.0","Low","DETECTED","","False"
"org.apache.maven:maven-core","1.0","Java","3.3.9","1.0","","Apache-2.0","Low","DETECTED","","False"
"org.apache.maven:maven-core","1.0","Java","2.0.6","1.0","","Apache-2.0","Low","DETECTED","","False"
"org.apache.maven:maven-core","1.0","Java","2.0.9","1.0","","Apache-2.0","Low","DETECTED","","False"
"org.apache.maven:maven-core","1.0","Java","debian","1.0","","Apache-2.0","Low","DETECTED","","True"
"org.apache.maven:maven-core","1.0","Java","2.2.1","1.0","","Apache-2.0","Low","DETECTED","","True"
"org.apache.maven:maven-embedder","1.0","Java","3.3.9","1.0","","Apache-2.0","Low","DETECTED","","False"
"org.apache.maven:maven-error-diagnostics","1.0","Java","2.0.6","1.0","","Apache-2.0","Low","DETECTED","","False"
"org.apache.maven:maven-error-diagnostics","1.0","Java","2.0.9","1.0","","Apache-2.0","Low","DETECTED","","False"
"org.apache.maven:maven-error-diagnostics","1.0","Java","debian","1.0","","Apache-2.0","Low","DETECTED","","True"
"org.apache.maven:maven-model","1.0","Java","3.3.9","1.0","","Apache-2.0","Low","DETECTED","","False"
"org.apache.maven:maven-model","1.0","Java","2.0.6","1.0","","Apache-2.0","Low","DETECTED","","False"
"org.apache.maven:maven-model","1.0","Java","2.0.9","1.0","","Apache-2.0","Low","DETECTED","","False"
"org.apache.maven:maven-model","1.0","Java","debian","1.0","","Apache-2.0","Low","DETECTED","","True"
"org.apache.maven:maven-model-builder","1.0","Java","3.3.9","1.0","","Apache-2.0","Low","DETECTED","","False"
"org.apache.maven:maven-monitor","1.0","Java","2.0.6","1.0","","Apache-2.0","Low","DETECTED","","False"
"org.apache.maven:maven-monitor","1.0","Java","2.0.9","1.0","","Apache-2.0","Low","DETECTED","","False"
"org.apache.maven:maven-monitor","1.0","Java","debian","1.0","","Apache-2.0","Low","DETECTED","","True"
"org.apache.maven:maven-plugin-api","1.0","Java","3.3.9","1.0","","Apache-2.0","Low","DETECTED","","False"
"org.apache.maven:maven-plugin-api","1.0","Java","2.0.6","1.0","","Apache-2.0","Low","DETECTED","","False"
"org.apache.maven:maven-plugin-api","1.0","Java","2.0.9","1.0","","Apache-2.0","Low","DETECTED","","False"
"org.apache.maven:maven-plugin-api","1.0","Java","debian","1.0","","Apache-2.0","Low","DETECTED","","True"
"org.apache.maven:maven-plugin-api","1.0","Java","2.2.1","1.0","","Apache-2.0","Low","DETECTED","","True"
"org.apache.maven:maven-plugin-descriptor","1.0","Java","2.0.6","1.0","","Apache-2.0","Low","DETECTED","","False"
"org.apache.maven:maven-plugin-descriptor","1.0","Java","2.0.9","1.0","","Apache-2.0","Low","DETECTED","","False"
"org.apache.maven:maven-plugin-descriptor","1.0","Java","debian","1.0","","Apache-2.0","Low","DETECTED","","True"
"org.apache.maven:maven-plugin-parameter-documenter","1.0","Java","2.0.6","1.0","","Apache-2.0","Low","DETECTED","","False"
"org.apache.maven:maven-plugin-parameter-documenter","1.0","Java","2.0.9","1.0","","Apache-2.0","Low","DETECTED","","False"
"org.apache.maven:maven-plugin-parameter-documenter","1.0","Java","debian","1.0","","Apache-2.0","Low","DETECTED","","True"
"org.apache.maven:maven-plugin-registry","1.0","Java","2.0.6","1.0","","Apache-2.0","Low","DETECTED","","False"
"org.apache.maven:maven-plugin-registry","1.0","Java","2.0.9","1.0","","Apache-2.0","Low","DETECTED","","False"
"org.apache.maven:maven-plugin-registry","1.0","Java","debian","1.0","","Apache-2.0","Low","DETECTED","","True"
"org.apache.maven:maven-profile","1.0","Java","2.0.6","1.0","","Apache-2.0","Low","DETECTED","","False"
"org.apache.maven:maven-profile","1.0","Java","2.0.9","1.0","","Apache-2.0","Low","DETECTED","","False"
"org.apache.maven:maven-profile","1.0","Java","debian","1.0","","Apache-2.0","Low","DETECTED","","True"
"org.apache.maven:maven-project","1.0","Java","2.0.6","1.0","","Apache-2.0","Low","DETECTED","","False"
"org.apache.maven:maven-project","1.0","Java","2.0.9","1.0","","Apache-2.0","Low","DETECTED","","False"
"org.apache.maven:maven-project","1.0","Java","debian","1.0","","Apache-2.0","Low","DETECTED","","True"
"org.apache.maven:maven-repository-metadata","1.0","Java","3.3.9","1.0","","Apache-2.0","Low","DETECTED","","False"
"org.apache.maven:maven-repository-metadata","1.0","Java","2.0.6","1.0","","Apache-2.0","Low","DETECTED","","False"
"org.apache.maven:maven-repository-metadata","1.0","Java","2.0.9","1.0","","Apache-2.0","Low","DETECTED","","False"
"org.apache.maven:maven-repository-metadata","1.0","Java","debian","1.0","","Apache-2.0","Low","DETECTED","","True"
"org.apache.maven:maven-settings","1.0","Java","3.3.9","1.0","","Apache-2.0","Low","DETECTED","","False"
"org.apache.maven:maven-settings","1.0","Java","2.0.6","1.0","","Apache-2.0","Low","DETECTED","","False"
"org.apache.maven:maven-settings","1.0","Java","2.0.9","1.0","","Apache-2.0","Low","DETECTED","","False"
"org.apache.maven:maven-settings","1.0","Java","debian","1.0","","Apache-2.0","Low","DETECTED","","True"
"org.apache.maven:maven-settings-builder","1.0","Java","3.3.9","1.0","","Apache-2.0","Low","DETECTED","","False"
"org.apache.maven:maven-toolchain","1.0","Java","2.0.9","1.0","","Apache-2.0","Low","DETECTED","","False"
"org.apache.maven:maven-toolchain","1.0","Java","1.0","1.0","","Apache-2.0","Low","DETECTED","","False"
"org.apache.openjpa:openjpa","1.0","Java","2.2.0","1.0","","Apache-2.0","Low","DETECTED","","True"
"org.apache.taglibs:taglibs-standard-impl","1.0","Java","1.2.5","1.0","","Apache-2.0","Low","DETECTED","","False"
"org.apache.taglibs:taglibs-standard-spec","1.0","Java","1.2.5","1.0","","Apache-2.0","Low","DETECTED","","False"
"org.apache.tomcat:tomcat-jasper","1.0","Java","","","","Apache-2.0","Low","DETECTED","","True"
"org.apache.xbean:maven-xbean-plugin","1.0","Java","4.5","1.0","","","Unknown","DETECTED","","False"
"org.apache.xbean:xbean-asm-util","1.0","Java","4.5","1.0","","","Unknown","DETECTED","","False"
"org.apache.xbean:xbean-asm5-shaded","1.0","Java","4.5","1.0","","Apache-2.0","Low","DETECTED","","False"
"org.apache.xbean:xbean-bundleutils","1.0","Java","4.5","1.0","","","Unknown","DETECTED","","False"
"org.apache.xbean:xbean-classloader","1.0","Java","4.5","1.0","","","Unknown","DETECTED","","False"
"org.apache.xbean:xbean-classpath","1.0","Java","4.5","1.0","","","Unknown","DETECTED","","False"
"org.apache.xbean:xbean-finder","1.0","Java","4.5","1.0","","","Unknown","DETECTED","","False"
"org.apache.xbean:xbean-finder-shaded","1.0","Java","4.5","1.0","","","Unknown","DETECTED","","False"
"org.apache.xbean:xbean-naming","1.0","Java","4.5","1.0","","","Unknown","DETECTED","","False"
"org.apache.xbean:xbean-reflect","1.0","Java","4.5","1.0","","","Unknown","DETECTED","","False"
"org.apache.xbean:xbean-reflect","1.0","Java","3.4","1.0","","","Unknown","DETECTED","","False"
"org.apache.xbean:xbean-reflect","1.0","Java","debian","1.0","","","Unknown","DETECTED","","True"
"org.apache.xbean:xbean-spring","1.0","Java","4.5","1.0","","","Unknown","DETECTED","","False"
"org.apache.xbean:xbean-telnet","1.0","Java","4.5","1.0","","","Unknown","DETECTED","","False"
"org.beanshell:bsh","1.0","Java","debian","1.0","","LGPL-2.1+","High","DETECTED","","True"
"org.codehaus.groovy:groovy-all","1.0","Java","","","","Apache-2.0","Low","DETECTED","","True"
"org.codehaus.jettison:jettison","1.0","Java","","","","Apache-2.0","Low","DETECTED","","True"
"org.codehaus.mojo:animal-sniffer-annotations","1.0","Java","debian","1.0","","MIT","Low","DETECTED","","True"
"org.codehaus.plexus:plexus-ant-factory","1.0","Java","debian","1.0","","","Unknown","DETECTED","","True"
"org.codehaus.plexus:plexus-archiver","1.0","Java","2.1","1.0","","","Unknown","DETECTED","","False"
"org.codehaus.plexus:plexus-archiver","1.0","Java","debian","1.0","","","Unknown","DETECTED","","True"
"org.codehaus.plexus:plexus-bsh-factory","1.0","Java","1.0-alpha-7","1.0","","","Unknown","DETECTED","","False"
"org.codehaus.plexus:plexus-bsh-factory","1.0","Java","debian","1.0","","","Unknown","DETECTED","","True"
"org.codehaus.plexus:plexus-classworlds","1.0","Java","1.5.0","1.0","","","Unknown","DETECTED","","False"
"org.codehaus.plexus:plexus-classworlds","1.0","Java","2.2.2","1.0","","","Unknown","DETECTED","","False"
"org.codehaus.plexus:plexus-classworlds","1.0","Java","2.x","1.0","","","Unknown","DETECTED","","True"
"org.codehaus.plexus:plexus-classworlds","1.0","Java","debian","1.0","","","Unknown","DETECTED","","True"
"org.codehaus.plexus:plexus-cli","1.0","Java","1.2","1.0","","","Unknown","DETECTED","","False"
"org.codehaus.plexus:plexus-cli","1.0","Java","debian","1.0","","","Unknown","DETECTED","","True"
"org.codehaus.plexus:plexus-compiler-api","1.0","Java","2.4","1.0","","","Unknown","DETECTED","","False"
"org.codehaus.plexus:plexus-compiler-javac","1.0","Java","2.4","1.0","","","Unknown","DETECTED","","False"
"org.codehaus.plexus:plexus-compiler-manager","1.0","Java","2.4","1.0","","","Unknown","DETECTED","","False"
"org.codehaus.plexus:plexus-component-annotations","1.0","Java","1.6","1.0","","","Unknown","DETECTED","","False"
"org.codehaus.plexus:plexus-component-annotations","1.0","Java","1.5.5","1.0","","","Unknown","DETECTED","","False"
"org.codehaus.plexus:plexus-component-metadata","1.0","Java","1.5.5","1.0","","","Unknown","DETECTED","","False"
"org.codehaus.plexus:plexus-container-default","1.0","Java","1.6","1.0","","","Unknown","DETECTED","","False"
"org.codehaus.plexus:plexus-container-default","1.0","Java","1.5.5","1.0","","","Unknown","DETECTED","","False"
"org.codehaus.plexus:plexus-container-default","1.0","Java","1.0-alpha-9-stable-1","1.0","","","Unknown","DETECTED","","False"
"org.codehaus.plexus:plexus-container-default","1.0","Java","1.0-alpha","1.0","","","Unknown","DETECTED","","True"
"org.codehaus.plexus:plexus-container-default","1.0","Java","debian","1.0","","","Unknown","DETECTED","","True"
"org.codehaus.plexus:plexus-container-default","1.0","Java","1.0-alpha-9","1.0","","","Unknown","DETECTED","","True"
"org.codehaus.plexus:plexus-interactivity-api","1.0","Java","1.0-alpha-6","1.0","","","Unknown","DETECTED","","False"
"org.codehaus.plexus:plexus-interactivity-api","1.0","Java","debian","1.0","","","Unknown","DETECTED","","True"
"org.codehaus.plexus:plexus-interactivity-api","1.0","Java","1.0-alpha-4","1.0","","","Unknown","DETECTED","","True"
"org.codehaus.plexus:plexus-interpolation","1.0","Java","1.21","1.0","","","Unknown","DETECTED","","False"
"org.codehaus.plexus:plexus-interpolation","1.0","Java","1.15","1.0","","","Unknown","DETECTED","","False"
"org.codehaus.plexus:plexus-interpolation","1.0","Java","1.13","1.0","","","Unknown","DETECTED","","False"
"org.codehaus.plexus:plexus-interpolation","1.0","Java","debian","1.0","","","Unknown","DETECTED","","True"
"org.codehaus.plexus:plexus-interpolation","1.0","Java","1.6","1.0","","","Unknown","DETECTED","","True"
"org.codehaus.plexus:plexus-interpolation","1.0","Java","1.12","1.0","","","Unknown","DETECTED","","True"
"org.codehaus.plexus:plexus-io","1.0","Java","2.0.2","1.0","","","Unknown","DETECTED","","False"
"org.codehaus.plexus:plexus-io","1.0","Java","debian","1.0","","","Unknown","DETECTED","","True"
"org.codehaus.plexus:plexus-utils","1.0","Java","3.0.22","1.0","","Apache-2.0","Low","DETECTED","","False"
"org.codehaus.plexus:plexus-utils","1.0","Java","3.0","1.0","","Apache-2.0","Low","DETECTED","","False"
"org.codehaus.plexus:plexus-utils","1.0","Java","2.0.5","1.0","","Apache-2.0","Low","DETECTED","","False"
"org.codehaus.plexus:plexus-utils","1.0","Java","1.5.1","1.0","","Apache-2.0","Low","DETECTED","","False"
"org.codehaus.plexus:plexus-utils","1.0","Java","debian","1.0","","Apache-2.0","Low","DETECTED","","True"
"org.codehaus.plexus:plexus-utils","1.0","Java","2.x","1.0","","Apache-2.0","Low","DETECTED","","True"
"org.codehaus.plexus:plexus-utils","1.0","Java","1.5.8","1.0","","Apache-2.0","Low","DETECTED","","True"
"org.codehaus.plexus:plexus-utils","1.0","Java","1.4.9","1.0","","Apache-2.0","Low","DETECTED","","True"
"org.codehaus.plexus:plexus-utils","1.0","Java","1.5.6","1.0","","Apache-2.0","Low","DETECTED","","True"
"org.codehaus.plexus:plexus-utils","1.0","Java","1.5.15","1.0","","Apache-2.0","Low","DETECTED","","True"
"org.codehaus.woodstox:wstx-asl","1.0","Java","","","","","Unknown","DETECTED","","True"
"org.easymock:easymock","1.0","Java","3.4","1.0","","Apache-2.0","Low","DETECTED","","False"
"org.eclipse.aether:aether-api","1.0","Java","1.0.2.v20150114","1.0","","EPL-2.0","Medium","DETECTED","","False"
"org.eclipse.aether:aether-connector-basic","1.0","Java","1.0.2.v20150114","1.0","","EPL-2.0","Medium","DETECTED","","False"
"org.eclipse.aether:aether-impl","1.0","Java","1.0.2.v20150114","1.0","","EPL-2.0","Medium","DETECTED","","False"
"org.eclipse.aether:aether-spi","1.0","Java","1.0.2.v20150114","1.0","","EPL-2.0","Medium","DETECTED","","False"
"org.eclipse.aether:aether-test-util","1.0","Java","1.0.2.v20150114","1.0","","EPL-2.0","Medium","DETECTED","","False"
"org.eclipse.aether:aether-transport-classpath","1.0","Java","1.0.2.v20150114","1.0","","EPL-2.0","Medium","DETECTED","","False"
"org.eclipse.aether:aether-transport-file","1.0","Java","1.0.2.v20150114","1.0","","EPL-2.0","Medium","DETECTED","","False"
"org.eclipse.aether:aether-transport-http","1.0","Java","1.0.2.v20150114","1.0","","EPL-2.0","Medium","DETECTED","","False"
"org.eclipse.aether:aether-transport-wagon","1.0","Java","1.0.2.v20150114","1.0","","EPL-2.0","Medium","DETECTED","","False"
"org.eclipse.aether:aether-util","1.0","Java","1.0.2.v20150114","1.0","","EPL-2.0","Medium","DETECTED","","False"
"org.eclipse.jetty.alpn:alpn-api","1.0","Java","1.1.2.v20150522","1.0","","","Unknown","DETECTED","","False"
"org.eclipse.jetty:apache-jsp","1.0","Java","9.2.21.v20170120","1.0","","","Unknown","DETECTED","","False"
"org.eclipse.jetty:apache-jstl","1.0","Java","9.2.21.v20170120","1.0","","","Unknown","DETECTED","","False"
"org.eclipse.jetty:jetty-alpn-client","1.0","Java","9.2.21.v20170120","1.0","","","Unknown","DETECTED","","False"
"org.eclipse.jetty:jetty-alpn-server","1.0","Java","9.2.21.v20170120","1.0","","","Unknown","DETECTED","","False"
"org.eclipse.jetty:jetty-client","1.0","Java","9.2.21.v20170120","1.0","","Apache-2.0,EPL-1.0","Medium","DETECTED","","True"
"org.eclipse.jetty:jetty-continuation","1.0","Java","9.2.21.v20170120","1.0","","Apache-2.0,EPL-1.0","Medium","DETECTED","","False"
"org.eclipse.jetty:jetty-deploy","1.0","Java","9.2.21.v20170120","1.0","","Apache-2.0,EPL-1.0","Medium","DETECTED","","False"
"org.eclipse.jetty:jetty-http","1.0","Java","9.2.21.v20170120","1.0","","Apache-2.0,EPL-1.0","Medium","DETECTED","","False"
"org.eclipse.jetty:jetty-io","1.0","Java","9.2.21.v20170120","1.0","","Apache-2.0,EPL-1.0","Medium","DETECTED","","False"
"org.eclipse.jetty:jetty-jaas","1.0","Java","9.2.21.v20170120","1.0","","","Unknown","DETECTED","","False"
"org.eclipse.jetty:jetty-jmx","1.0","Java","9.2.21.v20170120","1.0","","Apache-2.0,EPL-1.0","Medium","DETECTED","","False"
"org.eclipse.jetty:jetty-rewrite","1.0","Java","9.2.21.v20170120","1.0","","Apache-2.0,EPL-1.0","Medium","DETECTED","","False"
"org.eclipse.jetty:jetty-security","1.0","Java","9.2.21.v20170120","1.0","","Apache-2.0,EPL-1.0","Medium","DETECTED","","False"
"org.eclipse.jetty:jetty-server","1.0","Java","9.2.21.v20170120","1.0","","Apache-2.0,EPL-1.0","Medium","DETECTED","","False"
"org.eclipse.jetty:jetty-servlet","1.0","Java","9.2.21.v20170120","1.0","","Apache-2.0,EPL-1.0","Medium","DETECTED","","False"
"org.eclipse.jetty:jetty-servlets","1.0","Java","9.2.21.v20170120","1.0","","Apache-2.0,EPL-1.0","Medium","DETECTED","","False"
"org.eclipse.jetty:jetty-start","1.0","Java","9.2.21.v20170120","1.0","","","Unknown","DETECTED","","False"
"org.eclipse.jetty:jetty-util","1.0","Java","9.2.21.v20170120","1.0","","Apache-2.0,EPL-1.0","Medium","DETECTED","","False"
"org.eclipse.jetty:jetty-util-ajax","1.0","Java","9.2.21.v20170120","1.0","","Apache-2.0,EPL-1.0","Medium","DETECTED","","False"
"org.eclipse.jetty:jetty-webapp","1.0","Java","9.2.21.v20170120","1.0","","Apache-2.0,EPL-1.0","Medium","DETECTED","","False"
"org.eclipse.jetty:jetty-xml","1.0","Java","9.2.21.v20170120","1.0","","Apache-2.0,EPL-1.0","Medium","DETECTED","","False"
"org.eclipse.sisu:org.eclipse.sisu.inject","1.0","Java","0.3.2","1.0","","EPL-2.0","Medium","DETECTED","","False"
"org.eclipse.sisu:org.eclipse.sisu.inject","1.0","Java","debian","1.0","","EPL-2.0","Medium","DETECTED","","True"
"org.eclipse.sisu:org.eclipse.sisu.plexus","1.0","Java","0.3.2","1.0","","","Unknown","DETECTED","","False"
"org.hibernate.common:hibernate-commons-annotations","1.0","Java","4.0.1.Final","1.0","","GPL-3.0-or-later","High","DETECTED","","False"
"org.javassist:javassist","1.0","Java","3.15.0-GA","1.0","","Apache-2.0,LGPL-2.1-or-later,MPL-1.1","High","DETECTED","","False"
"org.jboss.logging:jboss-logging","1.0","Java","3.1.0.CR2","1.0","","Apache-2.0","Low","DETECTED","","False"
"org.jboss.logging:jboss-logging-processor","1.0","Java","1.0.0.CR5","1.0","","","Unknown","DETECTED","","True"
"org.jboss.spec.javax.transaction:jboss-transaction-api_1.1_spec","1.0","Java","1.0.0.Final","1.0","","GPL-3.0-or-later,CUSTOM-org.jboss.spec.javax.transaction:jboss-transaction-api_1.1_spec","High","DETECTED","","False"
"org.jdom:jdom","1.0","Java","debian","1.0","","zlib-acknowledgement","Low","DETECTED","","True"
"org.jsoup:jsoup","1.0","Java","1.10.2","1.0","","MIT","Low","DETECTED","","False"
"org.jsoup:jsoup","1.0","Java","1.9.2","1.0","","MIT","Low","DETECTED","","False"
"org.jsoup:jsoup","1.0","Java","debian","1.0","","MIT","Low","DETECTED","","True"
"org.objenesis:objenesis","1.0","Java","debian","1.0","","Apache-2.0","Low","DETECTED","","True"
"org.ow2.asm:asm","1.0","Java","debian","1.0","","BSD-3-Clause","Low","DETECTED","","True"
"org.ow2.asm:asm-all","1.0","Java","debian","1.0","","BSD-3-Clause","Low","DETECTED","","True"
"org.ow2.asm:asm-commons","1.0","Java","debian","1.0","","BSD-3-Clause","Low","DETECTED","","True"
"org.slf4j:jcl-over-slf4j","1.0","Java","1.7.22","1.0","","Apache-2.0,MIT","Low","DETECTED","","False"
"org.slf4j:jcl-over-slf4j","1.0","Java","debian","1.0","","Apache-2.0,MIT","Low","DETECTED","","True"
"org.slf4j:jul-to-slf4j","1.0","Java","1.7.22","1.0","","","Unknown","DETECTED","","False"
"org.slf4j:log4j-over-slf4j","1.0","Java","1.7.22","1.0","","Apache-2.0","Low","DETECTED","","False"
"org.slf4j:slf4j-api","1.0","Java","1.7.22","1.0","","MIT","Low","DETECTED","","False"
"org.slf4j:slf4j-api","1.0","Java","debian","1.0","","MIT","Low","DETECTED","","True"
"org.slf4j:slf4j-jcl","1.0","Java","1.7.22","1.0","","CUSTOM-org.slf4j:slf4j-jcl","Unknown","DETECTED","","False"
"org.slf4j:slf4j-jdk14","1.0","Java","1.7.22","1.0","","CUSTOM-org.slf4j:slf4j-jdk14","Unknown","DETECTED","","False"
"org.slf4j:slf4j-log4j12","1.0","Java","1.7.22","1.0","","MIT,CUSTOM-org.slf4j:slf4j-log4j12","Low","DETECTED","","False"
"org.slf4j:slf4j-migrator","1.0","Java","1.7.22","1.0","","","Unknown","DETECTED","","False"
"org.slf4j:slf4j-nop","1.0","Java","1.7.22","1.0","","CUSTOM-org.slf4j:slf4j-nop","Unknown","DETECTED","","False"
"org.slf4j:slf4j-simple","1.0","Java","1.7.22","1.0","","CUSTOM-org.slf4j:slf4j-simple","Unknown","DETECTED","","False"
"org.sonatype.plexus:plexus-build-api","1.0","Java","0.0.4","1.0","","Apache-2.0","Low","DETECTED","","False"
"org.sonatype.plexus:plexus-cipher","1.0","Java","1.7","1.0","","Apache-2.0","Low","DETECTED","","False"
"org.sonatype.plexus:plexus-cipher","1.0","Java","debian","1.0","","Apache-2.0","Low","DETECTED","","True"
"org.sonatype.plexus:plexus-sec-dispatcher","1.0","Java","1.3.1","1.0","","Apache-2.0","Low","DETECTED","","False"
"org.sonatype.plexus:plexus-sec-dispatcher","1.0","Java","debian","1.0","","Apache-2.0","Low","DETECTED","","True"
"org.springframework:spring-beans","1.0","Java","3.x","1.0","","Apache-2.0","Low","DETECTED","","True"
"org.springframework:spring-context","1.0","Java","3.x","1.0","","Apache-2.0,MIT","Low","DETECTED","","True"
"org.springframework:spring-web","1.0","Java","","","","Apache-2.0,CUSTOM-org.springframework:spring-web","Low","DETECTED","","True"
"org.testng:testng","1.0","Java","6.x","1.0","","Apache-2.0,GPL-3.0-or-later,MIT","High","DETECTED","","True"
"p11-kit","1.0","Dynamic Library","0.23.3","1.0","0.23.21","BSD-2-Clause","Low","DETECTED","","False"
"pam","1.0","Executable","1.1.8","1.0","","BSD-3-Clause","Low","DETECTED","","False"
"pango","1.0","Dynamic Library","1.40.5","1.0","","LGPL-2.0-or-later,MIT","High","DETECTED","","False"
"pcre3","1.0","Dynamic Library","8.39","1.0","","","Unknown","DETECTED","","False"
"pcsc-tools","1.0","Dynamic Library","1.8.20","1.0","","GPL-2.0-only","High","DETECTED","","False"
"perl","1.0","Executable","5.24.1","1.0","5.30.3","GPL-1.0-or-later","High","DETECTED","","False"
"pinentry","1.0","Executable","1.0.0","1.0","","Fair,GPL-2.0-or-later","High","DETECTED","","False"
"pixman","1.0","Dynamic Library","0.34.0","1.0","0.42.2","MIT","Low","DETECTED","","False"
"plexus-ant-factory","1.0","Executable","1.0","1.0","","","Unknown","DETECTED","","False"
"plexus-archiver","1.0","Executable","2.2","1.0","","","Unknown","DETECTED","","False"
"plexus-bsh-factory","1.0","Executable","1.0","1.0","","Apache-2.0","Low","DETECTED","","False"
"plexus-cipher","1.0","Executable","1.7","1.0","","Apache-2.0","Low","DETECTED","","False"
"plexus-classworlds","1.0","Executable","1.5.0","1.0","","","Unknown","DETECTED","","False"
"plexus-classworlds","1.0","Executable","2.5.2","1.0","","Apache-2.0","Low","DETECTED","","False"
"plexus-cli","1.0","Executable","1.2","1.0","","Apache-2.0","Low","DETECTED","","False"
"plexus-container-default","1.0","Executable","1.0","1.0","","","Unknown","DETECTED","","False"
"plexus-containers","1.0","Executable","1.0","1.0","","","Unknown","DETECTED","","False"
"plexus-interactivity-api","1.0","Executable","1.0","1.0","","","Unknown","DETECTED","","False"
"plexus-io","1.0","Executable","1.0","1.0","","","Unknown","DETECTED","","False"
"plexus-utils","1.0","Executable","1.5.15","1.0","","Apache-2.0","Low","DETECTED","","False"
"pulseaudio","1.0","Executable","10.0","1.0","","GPL-2.0-only,LGPL-2.1-only","High","DETECTED","","False"
"qdox","1.0","Executable","2.0","1.0","","Apache-2.0","Low","DETECTED","","False"
"readline","1.0","Dynamic Library","7.0","1.0","","GPL-3.0-only","High","DETECTED","","False"
"relaxngDatatype:relaxngDatatype","1.0","Java","","","","","Unknown","DETECTED","","True"
"rtmpdump","1.0","Dynamic Library","2.4","1.0","","GPL-3.0-or-later,MIT","High","DETECTED","","False"
"sed","1.0","Executable","4.4","1.0","","GPL-3.0-or-later,MIT","High","DETECTED","","False"
"shadow","1.0","Executable","4.4","1.0","4.5","BSD-3-Clause","Low","DETECTED","","False"
"shared-mime-info","1.0","Executable","1.8","1.0","","LGPL-2.0-or-later","High","DETECTED","","False"
"sisu-plexus","1.0","Executable","0.3.2","1.0","","EPL-1.0","Medium","DETECTED","","False"
"sm","1.0","Dynamic Library","1.2.2","1.0","","MIT","Low","DETECTED","","False"
"sqlite","1.0","Dynamic Library","3.16.2","1.0","3.39.2","CC-PDDC","Unknown","DETECTED","","False"
"stax:stax","1.0","Java","","","","","Unknown","DETECTED","","True"
"stax:stax-api","1.0","Java","","","","Apache-2.0","Low","DETECTED","","True"
"systemd","1.0","Dynamic Library","232","1.0","251","GPL-2.0-or-later,LGPL-2.1-or-later,MIT","High","DETECTED","","False"
"sysvinit","1.0","Executable","2.88dsf","1.0","","GPL-2.0-or-later","High","DETECTED","","False"
"tar","1.0","Executable","1.29b","1.0","1.33","GPL-3.0-or-later","High","DETECTED","","False"
"tcp-wrappers","1.0","Dynamic Library","7.6.q","1.0","","BSD-2-Clause","Low","DETECTED","","False"
"tiff","1.0","Dynamic Library","4.0.8","1.0","","BSD-2-Clause,MIT,CUSTOM-tiff-Hylafax","Low","DETECTED","","False"
"tomcat","1.0","Executable","8.5.14","1.0","10.1.1","Apache-2.0","Low","DETECTED","","False"
"tomcat-native","0.0","Dynamic Library","1.1","1.0","","Apache-2.0","Low","DETECTED","","False"
"unzip","1.0","Executable","6.0","1.0","6.0","BSD-4-Clause,MIT","Low","DETECTED","","False"
"ustr","1.0","Dynamic Library","1.0.4","1.0","","BSD-2-Clause,LGPL-2.0-or-later,MIT","High","DETECTED","","False"
"util-linux","1.0","Executable","2.29.2","1.0","2.37.4","GPL-2.0-only","High","DETECTED","","False"
"wagon","1.0","Executable","1.0.0","1.0","","Apache-2.0,ISC","Low","DETECTED","","False"
"wagon","1.0","Executable","2.10","1.0","","Apache-2.0","Low","DETECTED","","False"
"wayland","1.0","Dynamic Library","1.12.0","1.0","1.20.91","MIT","Low","DETECTED","","False"
"wget","1.0","Executable","1.18","1.0","1.21.1","GPL-3.0-or-later,LicenseRef-vision-public-domain","High","DETECTED","","False"
"x11-utils","1.0","Executable","7.7","1.0","","MIT","Low","DETECTED","","False"
"xcb","1.0","Dynamic Library","1.12","1.0","","Apache-2.0,MIT","Low","DETECTED","","False"
"xerces-c","1.0","Executable","2.11.0","1.0","3.1.1","Apache-2.0","Low","DETECTED","","False"
"xerces:xercesImpl","1.0","Java","debian","1.0","","Apache-2.0","Low","DETECTED","","True"
"xft","1.0","Dynamic Library","2.3.2","1.0","","ISC","Low","DETECTED","","False"
"xml-apis:xml-apis","1.0","Java","","","","ISC","Low","DETECTED","","True"
"xml-resolver:xml-resolver","1.0","Java","","","","Apache-2.0","Low","DETECTED","","True"
"xom","1.0","Executable","1.2.10","1.0","","GPL-3.0-or-later,LGPL-3.0-or-later,MIT","High","DETECTED","","False"
"xom:xom","1.0","Java","debian","1.0","","GPL-3.0-or-later,LGPL-3.0-or-later","High","DETECTED","","True"
"xpp3:xpp3_min","1.0","Java","","","","Unlicense","Low","DETECTED","","True"
"xrandr","1.0","Dynamic Library","1.5.1","1.0","","MIT","Low","DETECTED","","False"
"xz","1.0","Executable","5.2.2","1.0","","CC-PDDC,GPL-2.0-or-later,LGPL-2.1-or-later,LicenseRef-vision-public-domain","High","DETECTED","","False"
"zlib","1.0","Dynamic Library","1.2.8","1.0","1.2.12","Zlib","Low","DETECTED","","False"
