"Exposure ID","Description","Status","Component","Category","Impact","Effort","Abbreviation","Outcome 1","Outcome 2","Outcome 3","Outcome 4","Outcome 5","Outcome 6","Outcome 7","Outcome 8","Outcome 9","Outcome 10","Standard 1","Standard 2","Standard 3","Standard 4","Standard 5","Standard 6","Standard 7","Standard 8","Standard 9","Standard 10","Standard 11","Standard 12","Standard 13","Standard 14","Standard 15","Standard 16","Standard 17","Standard 18","Standard 19","Standard 20","Standard 21","Standard 22","Standard 23","Standard 24","Standard 25","Standard 26","Standard 27","Standard 28","Component 1","Component 2","Component 3","Component 4","Component 5","Component 6","Component 7","Component 8","Component 9","Component 10","Component 11","Component 12","Component 13","Component 14","Component 15","Component 16","Component 17","Component 18","Component 19","Component 20","Component 21","Component 22","Component 23","Component 24","Component 25","Component 26","Component 27","Component 28","Component 29","Component 30","Component 31","Component 32","Component 33","Component 34","Component 35","Component 36","Component 37","Component 38","Component 39","Component 40","Component 41","Component 42","Component 43","Component 44","Component 45","Component 46","Component 47","Component 48","Component 49","Component 50","Component 51","Component 52","Component 53","Component 54","Component 55","Component 56","Component 57","Component 58"
"EXP-7","Log files are not protected by access controls","TO FIX","Linux","Software","Low","Medium","REQ.OS.LINUX.LOG-ACLS","Defense evasion","","","","","","","","","","ASVS","CCDS IoT GW","CIS Benchmarks Linux","CTIA","IEC 62443-3-3","IEC 62443-4-1","IEC 62443-4-2","ISA/IEC 62443-EDSA 3.0.0 CSA-311","ISA/IEC 62443-EDSA 3.0.0 SDLA-312","ISA/IEC 62443-EDSA 3.0.0 SSA-311","NIST IR 7628","UL 2900-1","UL 2900-2-1","UL 2900-2-2","UL 2900-2-3","UL MCV 1376","UNECE WP.29","","","","","","","","","","","","","","","","","","","","","","","","","","","","","","","","","","","","","","","","","","","","","","","","","","","","","","","","","","","","","","","","","","","","",""
"EXP-9","Insecure, outdated, or uncertified cryptographic libraries are in use","TO FIX","","Cryptography","Medium","Medium","REQ.CRYPTO.LIBRARY","Data collection","Malicious login","Malicious update","Traffic interception","Traffic manipulation","","","","","","ASVS","CTIA","ETSI TS 103 645","ETSI TS 303 645","IEC 62443-3-3","IEC 62443-4-2","OWASP IoT Top 10","","","","","","","","","","","","","","","","","","","","","","","","","","","","","","","","","","","","","","","","","","","","","","","","","","","","","","","","","","","","","","","","","","","","","","","","","","","","","","",""
"EXP-58","Log files found","OK","","Software","Medium","Low","REQ.LOG.CLEAR","Data collection","","","","","","","","","","ASVS","GSMA","IEC 62443-4-2","IoTSFv2","NIST SP800-171","OWASP IoT Top 10","UNECE WP.29","","","","","","","","","","","","","","","","","","","","","","","","","","","","","","","","","","","","","","","","","","","","","","","","","","","","","","","","","","","","","","","","","","","","","","","","","","","","","","",""
"EXP-62","Network services present informative banners","TO FIX","","Network","Low","Low","REQ.SVC.BANNERS","Reconnaissance","","","","","","","","","","CIS Benchmarks Linux","ETSI TS 103 645","ETSI TS 303 645","GSMA","IEC 62443-3-3","IEC 62443-4-2","IoTSFv2","ISA/IEC 62443-EDSA 3.0.0 CSA-311","ISA/IEC 62443-EDSA 3.0.0 SSA-311","OWASP IoT Top 10","UL 2900-1","UL 2900-2-1","UL 2900-2-3","","","","","","","","","","","","","","","","","","","","","","","","","","","","","","","","","","","","","","","","","","","","","","","","","","","","","","","","","","","","","","","","","","","","","","","","",""
"EXP-88","Application passwords are stored unencrypted","TO FIX","Linux","Cryptography","High","Medium","REQ.OS.LINUX.PASS.ENCRYPT","Credential extraction","","","","","","","","","","ASVS","CCDS IoT GW","CSDE","CTIA","ENISA Baseline","FIPS 140-2","IEC 62443-3-3","ISA/IEC 62443-EDSA 3.0.0 SSA-311","NISTIR 8259 A","NIST SP800-171","UL 2900-1","UL 2900-2-1","UL 2900-2-2","UL 2900-2-3","","","","","","","","","","","","","","","","","","","","","","","","","","","","","","","","","","","","","","","","","","","","","","","","","","","","","","","","","","","","","","","","","","","","","","","",""
"EXP-102","Users cannot securely erase data on demand or on ownership change","OK","","Compliance","Low","Medium","REQ.DATA.ERASE","Data collection","","","","","","","","","","ASVS","CCDS Automotive","CCDS Common IoT Guidelines","CCDS IoT GW","CSDE","CTIA","DCMS","ENISA Smart Manufacturing","ETSI TS 103 645","ETSI TS 303 645","GSMA","IEC 62443-3-3","IEC 62443-4-1","IEC 62443-4-2","IoTSFv2","ISA/IEC 62443-EDSA 3.0.0 CSA-311","ISA/IEC 62443-EDSA 3.0.0 SDLA-312","ISA/IEC 62443-EDSA 3.0.0 SSA-311","METI CPS Framework","NISTIR 8259 A","NIST SP800-171","OWASP IoT Top 10","UL 2900-1","UL 2900-2-1","UL 2900-2-2","UL 2900-2-3","UL MCV 1376","UNECE WP.29","","","","","","","","","","","","","","","","","","","","","","","","","","","","","","","","","","","","","","","","","","","","","","","","","","","","","","","","","",""
"EXP-112","Insecure network connections are used to download updates","TO FIX","Linux","Software","Medium","Medium","REQ.OS.LINUX.UPDATE.NETWORK","Denial of service","Traffic manipulation","","","","","","","","","ASVS","CCDS Automotive","CIS Benchmarks Linux","CSDE","ENISA Baseline","ENISA Smart Manufacturing","ETSI TS 103 645","ETSI TS 303 645","GSMA","OWASP IoT Top 10","UNECE WP.29","","","","","","","","","","","","","","","","","","apt","","","","","","","","","","","","","","","","","","","","","","","","","","","","","","","","","","","","","","","","","","","","","","","","","","","","","","","","",""
"EXP-116","Passwords are reused between different functions","OK","Linux","Authentication","Medium","Medium","REQ.OS.LINUX.PASS.NO-REUSE","Credential extraction","Malicious login","","","","","","","","","IoTSFv2","UL 2900-1","UL 2900-2-1","UL 2900-2-2","UL 2900-2-3","","","","","","","","","","","","","","","","","","","","","","","","","","","","","","","","","","","","","","","","","","","","","","","","","","","","","","","","","","","","","","","","","","","","","","","","","","","","","","","","",""
"EXP-119","Update servers are not restricted to a well-known, verified set","OK","Linux","Software","Low","High","REQ.OS.LINUX.UPDATE.KNOWN-SERVERS","Malicious update","Remote data corruption","","","","","","","","","ASVS","CSDE","ENISA Baseline","ETSI TS 103 645","ETSI TS 303 645","GSMA","ISA/IEC 62443-EDSA 3.0.0 SDLA-312","NISTIR 8259 A","NIST SP800-171","UNECE WP.29","","","","","","","","","","","","","","","","","","","apt","","","","","","","","","","","","","","","","","","","","","","","","","","","","","","","","","","","","","","","","","","","","","","","","","","","","","","","","",""
"EXP-125","Private keys found","OK","","Authentication","High","Medium","REQ.CRED.PUBLIC-ONLY","Data collection","","","","","","","","","","GSMA","IEC 62443-3-3","IEC 62443-4-1","IEC 62443-4-2","","","","","","","","","","","","","","","","","","","","","","","","","","","","","","","","","","","","","","","","","","","","","","","","","","","","","","","","","","","","","","","","","","","","","","","","","","","","","","","","","",""
"EXP-131","URL addresses found in the image","TO FIX","","Software","Medium","Medium","REQ.SW.INFO.URLS","Data collection","","","","","","","","","","","","","","","","","","","","","","","","","","","","","","","","","","","","","","","","","","","","","","","","","","","","","","","","","","","","","","","","","","","","","","","","","","","","","","","","","","","","","","","","","","","","","","",""
"EXP-209","Source files found","TO FIX","","Data at rest","Medium","Low","REQ.GEN.SOURCE","Reconnaissance","","","","","","","","","","ASVS","IEC 62443-3-3","UNECE WP.29","","","","","","","","","","","","","","","","","","","","","","","","","","","","","","","","","","","","","","","","","","","","","","","","","","","","","","","","","","","","","","","","","","","","","","","","","","","","","","","","","","",""
"EXP-225","Unnecessary email addresses found in the image","TO FIX","","Software","Medium","Medium","REQ.SW.INFO.EMAILS","Data collection","","","","","","","","","","OWASP IoT Top 10","","","","","","","","","","","","","","","","","","","","","","","","","","","","","","","","","","","","","","","","","","","","","","","","","","","","","","","","","","","","","","","","","","","","","","","","","","","","","","","","","","","","",""
"EXP-343","Using crunched binaries instead of standalone tools","OK","","Software","Low","Medium","REQ.SW.CRUNCHED","Malicious code execution","Remote exploitation","","","","","","","","","AGL","CCDS IoT GW","CSDE","ETSI TS 103 645","ETSI TS 303 645","GSMA","IEC 62443-3-3","","","","","","","","","","","","","","","","","","","","","","","","","","","","","","","","","","","","","","","","","","","","","","","","","","","","","","","","","","","","","","","","","","","","","","","","","","","","","","",""
"EXP-464","Configuration files can be written by users other than their owner","OK","Linux","Software","High","Low","REQ.OS.LINUX.CONFIG.ACLS-WRITE","Device hijacking","Malicious update","","","","","","","","","ASVS","CIS Benchmarks Linux","FDA Premarket Submissions","IEC 62443-3-3","IEC 62443-4-1","IoTSFv2","ISA/IEC 62443-EDSA 3.0.0 SDLA-312","ISA/IEC 62443-EDSA 3.0.0 SSA-311","NIST SP800-171","UL 2900-1","UL 2900-2-1","UL 2900-2-2","UL 2900-2-3","UL MCV 1376","UNECE WP.29","","","","","","","","","","","","","","","","","","","","","","","","","","","","","","","","","","","","","","","","","","","","","","","","","","","","","","","","","","","","","","","","","","","","","","",""
"EXP-468","Configuration files can be read by users other than their owner","TO FIX","Linux","Software","Low","Low","REQ.OS.LINUX.CONFIG.ACLS-READ","Data collection","","","","","","","","","","ASVS","CIS Benchmarks Linux","FDA Premarket Submissions","IEC 62443-3-3","IEC 62443-4-1","IoTSFv2","ISA/IEC 62443-EDSA 3.0.0 SDLA-312","ISA/IEC 62443-EDSA 3.0.0 SSA-311","NIST SP800-171","UL 2900-1","UL 2900-2-1","UL 2900-2-2","UL 2900-2-3","UL MCV 1376","UNECE WP.29","","","","","","","","","","","","","","","","","","","","","","","","","","","","","","","","","","","","","","","","","","","","","","","","","","","","","","","","","","","","","","","","","","","","","","",""
"EXP-482","User home folders found with excessive permissions","OK","Linux","Software","Low","Low","REQ.OS.LINUX.HOME","Credential extraction","Data collection","Device hijacking","Malicious code execution","","","","","","","AGL","ASVS","CCDS IoT GW","CIS Benchmarks Linux","IEC 62443-4-2","IoTSFv2","ISA/IEC 62443-EDSA 3.0.0 CSA-311","ISA/IEC 62443-EDSA 3.0.0 SSA-311","","","","","","","","","","","","","","","","","","","","","","","","","","","","","","","","","","","","","","","","","","","","","","","","","","","","","","","","","","","","","","","","","","","","","","","","","","","","","",""
"EXP-502","Software is not built using critical security flags","TO FIX","","Software","Medium","Medium","REQ.SW.COMPILE","Remote exploitation","","","","","","","","","","AGL","ASVS","ETSI TS 103 645","ETSI TS 303 645","GSMA","IEC 62443-4-1","IoTSFv2","ISA/IEC 62443-EDSA 3.0.0 SDLA-312","UL 2900-2-1","UL MCV 1376","UNECE WP.29","","","","","","","","","","","","","","","","","","bash","bzip2","cairo","coreutils","e2fsprogs","fontconfig","gcc","glib","glibc","graphite2","icu","librsvg","libx11","mesa","ncurses","nspr","openjdk","openssl","pam","perl","shadow","sysvinit","tomcat-native","util-linux","x11-utils","","","","","","","","","","","","","","","","","","","","","","","","","","","","","","","","",""
"EXP-567","Weak key and modulus sizes are used for cryptographic algorithms","OK","","Cryptography","Medium","Medium","REQ.CRYPTO.SIZES","Credential extraction","Data collection","Malicious login","Traffic interception","Traffic manipulation","","","","","","ASVS","ENISA Baseline","ENISA Smart Manufacturing","FIPS 140-2","GSMA","IEC 62443-3-3","IoTSFv2","ISA/IEC 62443-EDSA 3.0.0 CSA-311","ISA/IEC 62443-EDSA 3.0.0 SSA-311","NIST IR 7628","NISTIR 8259 A","UL 2900-1","UL 2900-2-1","UL 2900-2-2","UL 2900-2-3","UL MCV 1376","UNECE WP.29","","","","","","","","","","","","","","","","","","","","","","","","","","","","","","","","","","","","","","","","","","","","","","","","","","","","","","","","","","","","","","","","","","","","",""
"EXP-573","OpenSSL allows non-standard or weak cryptographic algorithms","TO FIX","OpenSSL","Cryptography","Medium","Medium","REQ.TLS.OPENSSL.CIPHERSUITES","Credential extraction","Malicious login","Traffic interception","Traffic manipulation","","","","","","","ASVS","CSDE","CTIA","ETSI TS 103 645","ETSI TS 303 645","FDA Premarket Submissions","IEC 62443-3-3","IEC 62443-4-2","IoTSFv2","ISA/IEC 62443-EDSA 3.0.0 SSA-311","NISTIR 8259 A","NIST SP800-171","UL 2900-1","UL 2900-2-1","UL 2900-2-2","UL 2900-2-3","UL MCV 1376","UNECE WP.29","","","","","","","","","","","openssl","","","","","","","","","","","","","","","","","","","","","","","","","","","","","","","","","","","","","","","","","","","","","","","","","","","","","","","","",""
"EXP-576","Excessive executables with the SUID bit set found","OK","Linux","Software","Medium","Medium","REQ.OS.LINUX.SW.SUID","Privilege escalation","","","","","","","","","","CIS Benchmarks Linux","IoTSFv2","","","","","","","","","","","","","","","","","","","","","","","","","","","iputil","shadow","util-linux","","","","","","","","","","","","","","","","","","","","","","","","","","","","","","","","","","","","","","","","","","","","","","","","","","","","","","",""
"EXP-578","Non-essential multi-purpose tools found","TO FIX","Linux","Software","Low","Low","REQ.OS.LINUX.REMOVE-TOOLS","Data collection","Malicious code execution","Reconnaissance","","","","","","","","AGL","ASVS","CCDS IoT GW","GSMA","IEC 62443-3-3","IEC 62443-4-2","IoTSFv2","ISA/IEC 62443-EDSA 3.0.0 CSA-311","ISA/IEC 62443-EDSA 3.0.0 SSA-311","UL MCV 1376","","","","","","","","","","","","","","","","","","","apt","coreutils","e2fsprogs","findutils","iproute2","iputil","shadow","sysvinit","util-linux","wget","","","","","","","","","","","","","","","","","","","","","","","","","","","","","","","","","","","","","","","","","","","","","","","",""
"EXP-581","Weak, default, or well-known passwords are in use","TO FIX","Linux","Authentication","High","Medium","REQ.OS.LINUX.PASS.CHECK-DEFAULT","Credential extraction","Malicious login","","","","","","","","","ASVS","CCDS IoT GW","DCMS","ENISA Baseline","ETSI TS 103 645","ETSI TS 303 645","FDA Premarket Submissions","GSMA","IEC 62443-3-3","IEC 62443-4-2","IoTSFv2","ISA/IEC 62443-EDSA 3.0.0 CSA-311","ISA/IEC 62443-EDSA 3.0.0 SSA-311","NIST IR 7628","NIST SP800-171","OWASP IoT Top 10","UL MCV 1376","","","","","","","","","","","","","","","","","","","","","","","","","","","","","","","","","","","","","","","","","","","","","","","","","","","","","","","","","","","","","","","","","","","","",""
"EXP-582","Insecure TLS compression is enabled","TO FIX","","Network","Low","Medium","REQ.TLS.COMPRESSION","Traffic interception","","","","","","","","","","NIST SP800-52","","","","","","","","","","","","","","","","","","","","","","","","","","","","openssl","","","","","","","","","","","","","","","","","","","","","","","","","","","","","","","","","","","","","","","","","","","","","","","","","","","","","","","","",""
"EXP-587","Development tools found","OK","Linux","Software","Medium","Low","REQ.OS.LINUX.DEV-TOOLS","Malicious code execution","Privilege escalation","","","","","","","","","AGL","ASVS","CCDS IoT GW","CIS Benchmarks Linux","CSDE","ENISA Smart Manufacturing","ETSI TS 103 645","ETSI TS 303 645","GSMA","IEC 62443-3-3","IoTSFv2","","","","","","","","","","","","","","","","","","","","","","","","","","","","","","","","","","","","","","","","","","","","","","","","","","","","","","","","","","","","","","","","","","","","","","","","","","",""
"EXP-590","Software is shipped with debug symbols included in ELF files","OK","","Data at rest","Low","Low","REQ.SW.ELF.STRIP-SYMBOLS","Reconnaissance","","","","","","","","","","ASVS","IoTSFv2","UL MCV 1376","UNECE WP.29","","","","","","","","","","","","","","","","","","","","","","","","","","","","","","","","","","","","","","","","","","","","","","","","","","","","","","","","","","","","","","","","","","","","","","","","","","","","","","","","","",""
"EXP-605","UID and GID 0 are not used for the ""root"" account","OK","Linux","Authentication","Medium","Medium","REQ.OS.LINUX.ONE-ROOT","Privilege escalation","","","","","","","","","","CIS Benchmarks Linux","CTIA","FIPS 140-2","IoTSFv2","","","","","","","","","","","","","","","","","","","","","","","","","","","","","","","","","","","","","","","","","","","","","","","","","","","","","","","","","","","","","","","","","","","","","","","","","","","","","","","","","",""
"EXP-654","Prelink is used on executables or libraries","OK","Linux","Software","Medium","Low","REQ.OS.LINUX.SW.COMPILE.PRELINK","Remote exploitation","","","","","","","","","","ASVS","CIS Benchmarks Linux","ETSI TS 103 645","ETSI TS 303 645","GSMA","UL MCV 1376","UNECE WP.29","","","","","","","","","","","","","","","","","","","","","","","","","","","","","","","","","","","","","","","","","","","","","","","","","","","","","","","","","","","","","","","","","","","","","","","","","","","","","","",""
"EXP-760","Excessive executables with the SGID bit set found","OK","Linux","Software","Medium","Medium","REQ.OS.LINUX.SW.SGID","Privilege escalation","","","","","","","","","","CIS Benchmarks Linux","IoTSFv2","","","","","","","","","","","","","","","","","","","","","","","","","","","","","","","","","","","","","","","","","","","","","","","","","","","","","","","","","","","","","","","","","","","","","","","","","","","","","","","","","","","",""
"EXP-879","APT is not configured to verify update signatures before installing","OK","Linux","Software","High","Medium","REQ.OS.LINUX.UPDATE.VERIFY-APT-SETTINGS","Malicious update","Traffic manipulation","","","","","","","","","ASVS","CIS Benchmarks Linux","CSDE","CTIA","ETSI TS 103 645","ETSI TS 303 645","FDA Premarket Submissions","GSMA","IEC 62443-4-1","IEC 62443-4-2","ISA/IEC 62443-EDSA 3.0.0 CSA-311","ISA/IEC 62443-EDSA 3.0.0 SDLA-312","NISTIR 8259 A","OWASP IoT Top 10","UL 2900-1","UL 2900-2-1","UL 2900-2-2","UL 2900-2-3","UL MCV 1376","UNECE WP.29","","","","","","","","","apt","","","","","","","","","","","","","","","","","","","","","","","","","","","","","","","","","","","","","","","","","","","","","","","","","","","","","","","","",""
"EXP-959","OpenSSL does not enforce TLS version 1.2 or higher","TO FIX","OpenSSL","Network","Medium","Medium","REQ.TLS.OPENSSL.TLS-VERSION","Traffic interception","Traffic manipulation","","","","","","","","","ASVS","CSDE","GSMA","NIST SP800-171","UL MCV 1376","","","","","","","","","","","","","","","","","","","","","","","","openssl","","","","","","","","","","","","","","","","","","","","","","","","","","","","","","","","","","","","","","","","","","","","","","","","","","","","","","","","",""
"EXP-960","Publicly exposed keys or certificates found","OK","","Cryptography","High","Medium","REQ.KEY.CHECK-KNOWN","Malicious login","Traffic interception","Traffic manipulation","","","","","","","","METI CPS Framework","NIST SP800-171","","","","","","","","","","","","","","","","","","","","","","","","","","","","","","","","","","","","","","","","","","","","","","","","","","","","","","","","","","","","","","","","","","","","","","","","","","","","","","","","","","","",""
"EXP-963","Software is shipped with build strings included in ELF files","OK","","Data at rest","Medium","Medium","REQ.SW.ELF.STRIP-BUILD-STRINGS","Reconnaissance","","","","","","","","","","ASVS","IoTSFv2","UL MCV 1376","","","","","","","","","","","","","","","","","","","","","","","","","","","","","","","","","","","","","","","","","","","","","","","","","","","","","","","","","","","","","","","","","","","","","","","","","","","","","","","","","","",""
"EXP-964","Software built for the shipped product contains type information in ELF files","OK","","Data at rest","Low","Medium","REQ.SW.ELF.STRIP-TYPE-INFO","Reconnaissance","","","","","","","","","","ASVS","IoTSFv2","UL MCV 1376","","","","","","","","","","","","","","","","","","","","","","","","","","","","","","","","","","","","","","","","","","","","","","","","","","","","","","","","","","","","","","","","","","","","","","","","","","","","","","","","","","",""
"EXP-1092","Software is not built using recommended compiler and linker flags","TO FIX","","Software","Medium","Medium","REQ.SW.COMPILE.RECOMMENDED","Remote exploitation","","","","","","","","","","AGL","ASVS","ETSI TS 103 645","ETSI TS 303 645","GSMA","IEC 62443-4-1","IoTSFv2","ISA/IEC 62443-EDSA 3.0.0 SDLA-312","UL 2900-2-1","UL MCV 1376","UNECE WP.29","","","","","","","","","","","","","","","","","","apt","atk","attr","cairo","colord","d-conf","debianutils","elfutils","expat","gcc","gdk-pixbuf","giflib","glib","glibc","glib-networking","graphite2","gtk","icu","iproute2","jbigkit","json-glib","libcroco","libdatrie","libffi","libidn","libogg","libproxy","libpsl","librsvg","libsoup","libvorbis","libx11","libxcomposite","libxdamage","libxdmcp","libxfixes","libxinerama","libxrender","libxshmfence","libxxf86vm","lz4","mesa","ncurses","nettle","nspr","nss-mdns","openjdk","openssl","pam","pango","perl","pulseaudio","shared-mime-info","tomcat-native","wayland","xcb","xrandr","xz"
"EXP-1175","Software is shipped with debug macros included","OK","","Data at rest","Low","Low","REQ.SW.NO-DEBUG-MACROS","Reconnaissance","","","","","","","","","","ASVS","CSDE","UNECE WP.29","","","","","","","","","","","","","","","","","","","","","","","","","","","","","","","","","","","","","","","","","","","","","","","","","","","","","","","","","","","","","","","","","","","","","","","","","","","","","","","","","","",""
"EXP-1214","No maximum log file size or log file rotation are defined","TO FIX","Linux","Compliance","Low","Medium","REQ.OS.LINUX.LOG.ROTATE","Denial of service","","","","","","","","","","ASVS","CCDS IoT GW","CIS Benchmarks Linux","CSDE","CTIA","FDA Premarket Submissions","IEC 62443-3-3","IEC 62443-4-2","ISA/IEC 62443-EDSA 3.0.0 CSA-311","ISA/IEC 62443-EDSA 3.0.0 SSA-311","","","","","","","","","","","","","","","","","","","","","","","","","","","","","","","","","","","","","","","","","","","","","","","","","","","","","","","","","","","","","","","","","","","","","","","","","","","",""
"EXP-1225","Expired certificates found","TO FIX","","Cryptography","Medium","Low","REQ.CERT.EXPIRED","Credential extraction","Device hijacking","","","","","","","","","GSMA","IEC 62443-4-2","NIST IR 7966","UL 2900-2-2","","","","","","","","","","","","","","","","","","","","","","","","","","","","","","","","","","","","","","","","","","","","","","","","","","","","","","","","","","","","","","","","","","","","","","","","","","","","","","","","","",""
"EXP-1226","Certificates using insecure cryptographic algorithms found","TO FIX","","Cryptography","Low","Medium","REQ.CERT.STANDARD","Device hijacking","Malicious login","Traffic manipulation","","","","","","","","ASVS","CCDS IoT GW","CSDE","ENISA Baseline","ENISA Smart Manufacturing","FDA Premarket Submissions","GSMA","IEC 62443-3-3","IEC 62443-4-2","IoTSFv2","ISA/IEC 62443-EDSA 3.0.0 CSA-311","ISA/IEC 62443-EDSA 3.0.0 SSA-311","NIST IR 7628","NISTIR 8259 A","NIST SP800-171","UL 2900-1","UL 2900-2-1","UL 2900-2-2","UL 2900-2-3","UL MCV 1376","","","","","","","","","","","","","","","","","","","","","","","","","","","","","","","","","","","","","","","","","","","","","","","","","","","","","","","","","","","","","","","","","",""
"EXP-1228","Found hard-coded symmetric keys","OK","","Cryptography","High","Medium","REQ.KEY.UNIQUE","Device hijacking","Traffic manipulation","","","","","","","","","ASVS","CSDE","CTIA","ENISA Baseline","ETSI TS 103 645","ETSI TS 303 645","FDA Premarket Submissions","GSMA","IEC 62443-3-3","IEC 62443-4-2","IoTSFv2","ISA/IEC 62443-EDSA 3.0.0 CSA-311","ISA/IEC 62443-EDSA 3.0.0 SSA-311","METI CPS Framework","NIST SP800-171","UL 2900-1","UL 2900-2-1","UL 2900-2-2","UL 2900-2-3","UL MCV 1376","","","","","","","","","","","","","","","","","","","","","","","","","","","","","","","","","","","","","","","","","","","","","","","","","","","","","","","","","","","","","","","","","",""
"EXP-1230","curl is run with TLS certificate validation disabled","OK","curl","Network","High","Medium","REQ.SW.CURL.NO-INSECURE","Traffic interception","Traffic manipulation","","","","","","","","","AGL","ASVS","CTIA","FDA Premarket Submissions","IEC 62443-3-3","IEC 62443-4-2","IoTSFv2","ISA/IEC 62443-EDSA 3.0.0 CSA-311","ISA/IEC 62443-EDSA 3.0.0 SSA-311","METI CPS Framework","NIST IR 7628","NIST SP800-52","UL MCV 1376","","","","","","","","","","","","","","","","","","","","","","","","","","","","","","","","","","","","","","","","","","","","","","","","","","","","","","","","","","","","","","","","","","","","","","","","",""
"EXP-1338","Wget runs with TLS certificate validation disabled","OK","Wget","Network","High","Medium","REQ.SW.WGET.NO-INSECURE","Traffic interception","Traffic manipulation","","","","","","","","","ASVS","CCDS IoT GW","CSDE","CTIA","ENISA Baseline","ENISA Smart Manufacturing","ETSI TS 103 645","ETSI TS 303 645","FDA Premarket Submissions","FIPS 140-2","GSMA","IEC 62443-3-3","IEC 62443-4-2","IoTSFv2","ISA/IEC 62443-EDSA 3.0.0 CSA-311","ISA/IEC 62443-EDSA 3.0.0 SSA-311","METI CPS Framework","NIST IR 7628","NISTIR 8259 A","NIST SP800-171","UL 2900-1","UL 2900-2-1","UL 2900-2-2","UL 2900-2-3","UL MCV 1376","UNECE WP.29","","","","","","","","","","","","","","","","","","","","","","","","","","","","","","","","","","","","","","","","","","","","","","","","","","","","","","","","","","","",""
"EXP-1363","Running SSH services inside containers","OK","Docker","Network","High","High","REQ.SW.DOCKER.NO-REMOTE","Malicious login","","","","","","","","","","AGL","ASVS","CIS Benchmarks Linux","CIS Docker Benchmark","CSDE","Docker STIG","ETSI TS 103 645","ETSI TS 303 645","IEC 62443-3-3","IEC 62443-4-2","ISA/IEC 62443-EDSA 3.0.0 CSA-311","ISA/IEC 62443-EDSA 3.0.0 SSA-311","NISTIR 8259 A","UL MCV 1376","","","","","","","","","","","","","","","","","","","","","","","","","","","","","","","","","","","","","","","","","","","","","","","","","","","","","","","","","","","","","","","","","","","","","","","",""
"EXP-1460","Spring Security framework is not included","TO FIX","org.springframework","Other","High","Low","REQ.WEB.SPRING.SPRING-SECURITY","Credential extraction","Data collection","Denial of service","Device hijacking","Malicious code execution","Malicious login","Privilege escalation","Remote exploitation","Traffic interception","Traffic manipulation","Vdoo Only","","","","","","","","","","","","","","","","","","","","","","","","","","","","","","","","","","","","","","","","","","","","","","","","","","","","","","","","","","","","","","","","","","","","","","","","","","","","","","","","","","","","",""
"EXP-1461","Spring does not enforce TLS on all communications","TO FIX","org.springframework.security","Network","High","Medium","REQ.WEB.SPRING.TLS","Traffic interception","Traffic manipulation","","","","","","","","","ASVS","CSDE","ETSI TS 103 645","FDA Premarket Submissions","IEC 62443-4-2","IoTSFv2","ISA/IEC 62443-EDSA 3.0.0 CSA-311","NISTIR 8259 A","NIST SP800-171","OWASP IoT Top 10","UL 2900-2-2","UL MCV 1376","UNECE WP.29","","","","","","","","","","","","","","","","","","","","","","","","","","","","","","","","","","","","","","","","","","","","","","","","","","","","","","","","","","","","","","","","","","","","","","","","",""
"EXP-1462","Spring does not enforce authentication on all pages and resources","TO FIX","org.springframework.security","Authentication","High","High","REQ.WEB.SPRING.AUTH.ENFORCE","Data collection","Remote data corruption","Remote exploitation","","","","","","","","ASVS","CCDS Automotive","CCDS Common IoT Guidelines","CSDE","ENISA Smart Manufacturing","ETSI TS 103 645","ETSI TS 303 645","FDA Premarket Submissions","GSMA","IEC 62443-3-3","IEC 62443-4-2","ISA/IEC 62443-EDSA 3.0.0 CSA-311","ISA/IEC 62443-EDSA 3.0.0 SSA-311","METI CPS Framework","NISTIR 8259 A","NIST SP800-171","OWASP IoT Top 10","UL 2900-1","UL 2900-2-1","UL 2900-2-2","UL 2900-2-3","UL MCV 1376","UNECE WP.29","","","","","","","","","","","","","","","","","","","","","","","","","","","","","","","","","","","","","","","","","","","","","","","","","","","","","","","","","","","","","","",""
"EXP-1463","Spring does not use the best available authentication methods","TO FIX","org.springframework.security","Authentication","Medium","Medium","REQ.WEB.SPRING.AUTH","Malicious login","","","","","","","","","","ASVS","CCDS Common IoT Guidelines","CSDE","ETSI TS 103 645","ETSI TS 303 645","IoTSFv2","NISTIR 8259 A","UNECE WP.29","","","","","","","","","","","","","","","","","","","","","","","","","","","","","","","","","","","","","","","","","","","","","","","","","","","","","","","","","","","","","","","","","","","","","","","","","","","","","",""
"EXP-1464","Spring allows CORS with a domain wildcard","TO FIX","org.springframework.security","Other","Medium","Medium","REQ.WEB.SPRING.CORS","Malicious code execution","","","","","","","","","","ASVS","CCDS Common IoT Guidelines","","","","","","","","","","","","","","","","","","","","","","","","","","","","","","","","","","","","","","","","","","","","","","","","","","","","","","","","","","","","","","","","","","","","","","","","","","","","","","","","","","","",""
"EXP-1465","Unique identifier is not generated for each login session","TO FIX","org.springframework.security","Authentication","High","Medium","REQ.WEB.SPRING.UNIQUE-SESSION","Remote data corruption","Traffic manipulation","","","","","","","","","ASVS","CCDS Common IoT Guidelines","IEC 62443-3-3","IEC 62443-4-2","ISA/IEC 62443-EDSA 3.0.0 CSA-311","ISA/IEC 62443-EDSA 3.0.0 SSA-311","","","","","","","","","","","","","","","","","","","","","","","","","","","","","","","","","","","","","","","","","","","","","","","","","","","","","","","","","","","","","","","","","","","","","","","","","","","","","","","",""
"EXP-1466","Spring is not configured with HTTP Strict Transport Security (HSTS)","TO FIX","org.springframework.security","Network","Low","Low","REQ.WEB.SPRING.HSTS","","","","","","","","","","","ASVS","","","","","","","","","","","","","","","","","","","","","","","","","","","","","","","","","","","","","","","","","","","","","","","","","","","","","","","","","","","","","","","","","","","","","","","","","","","","","","","","","","","","",""
"EXP-1467","Spring is not configured to protect against XSS attacks","TO FIX","org.springframework.security","Software","Medium","Low","REQ.WEB.SPRING.XSS","Credential extraction","Data collection","Malicious code execution","","","","","","","","ASVS","CSDE","","","","","","","","","","","","","","","","","","","","","","","","","","","","","","","","","","","","","","","","","","","","","","","","","","","","","","","","","","","","","","","","","","","","","","","","","","","","","","","","","","","",""
"EXP-1468","Spring does not use the Content Security Policy (CSP) header","TO FIX","org.springframework.security","Software","Medium","Medium","REQ.WEB.SPRING.CSP","Malicious code execution","","","","","","","","","","ASVS","CSDE","","","","","","","","","","","","","","","","","","","","","","","","","","","","","","","","","","","","","","","","","","","","","","","","","","","","","","","","","","","","","","","","","","","","","","","","","","","","","","","","","","","",""
"EXP-1469","Spring runs under a privileged account","TO FIX","org.springframework","Software","High","Medium","REQ.WEB.SPRING.NOT-ROOT","Privilege escalation","","","","","","","","","","AGL","ASVS","CTIA","ETSI TS 103 645","ETSI TS 303 645","GSMA","IEC 62443-3-3","IEC 62443-4-1","IoTSFv2","ISA/IEC 62443-EDSA 3.0.0 SDLA-312","","","","","","","","","","","","","","","","","","","","","","","","","","","","","","","","","","","","","","","","","","","","","","","","","","","","","","","","","","","","","","","","","","","","","","","","","","","",""
"EXP-1470","Potential malicious access to sensitive files detected (Python)","OK","","Software","High","Medium","REQ.PYTHON.SUPPLY-CHAIN.SENSITIVE-FILES","Credential extraction","","","","","","","","","","Vdoo Only","","","","","","","","","","","","","","","","","","","","","","","","","","","","","","","","","","","","","","","","","","","","","","","","","","","","","","","","","","","","","","","","","","","","","","","","","","","","","","","","","","","","",""
"EXP-1471","Potential malicious shell spawning (Python)","OK","Python","Software","High","Medium","REQ.PYTHON.SUPPLY-CHAIN.SPAWN-SHELL","Device hijacking","Impact on physical world","Malicious code execution","Remote exploitation","","","","","","","Vdoo Only","","","","","","","","","","","","","","","","","","","","","","","","","","","","","","","","","","","","","","","","","","","","","","","","","","","","","","","","","","","","","","","","","","","","","","","","","","","","","","","","","","","","",""
"EXP-1472","Found piping of process I/O to network (Python)","OK","Python","Software","High","Medium","REQ.PYTHON.SUPPLY-CHAIN.PROCESS-NETWORK-INPUT","Malicious code execution","Remote exploitation","","","","","","","","","Vdoo Only","","","","","","","","","","","","","","","","","","","","","","","","","","","","","","","","","","","","","","","","","","","","","","","","","","","","","","","","","","","","","","","","","","","","","","","","","","","","","","","","","","","","",""
"EXP-1473","Found call to eval that uses external input (Python)","OK","Python","Software","High","Medium","REQ.PYTHON.SUPPLY-CHAIN.EVAL","Malicious code execution","Remote exploitation","","","","","","","","","Vdoo Only","","","","","","","","","","","","","","","","","","","","","","","","","","","","","","","","","","","","","","","","","","","","","","","","","","","","","","","","","","","","","","","","","","","","","","","","","","","","","","","","","","","","",""
"EXP-1474","Self-signed certificates found","TO FIX","","Cryptography","Medium","Medium","REQ.CERT.NO-SELF-SIGNED","Traffic interception","Traffic manipulation","","","","","","","","","Vdoo Only","","","","","","","","","","","","","","","","","","","","","","","","","","","","","","","","","","","","","","","","","","","","","","","","","","","","","","","","","","","","","","","","","","","","","","","","","","","","","","","","","","","","",""
"EXP-1510","Found Unicode bidirectional control characters in source files","OK","","Software","Medium","Low","REQ.GEN.SOURCE.NO-BIDI","Malicious code execution","","","","","","","","","","Vdoo Only","","","","","","","","","","","","","","","","","","","","","","","","","","","","","","","","","","","","","","","","","","","","","","","","","","","","","","","","","","","","","","","","","","","","","","","","","","","","","","","","","","","","",""
"EXP-1511","Found Unicode homoglyph characters in source files","OK","","Software","Medium","Low","REQ.GEN.SOURCE.NO-HOMOGLYPH","Malicious code execution","","","","","","","","","","Vdoo Only","","","","","","","","","","","","","","","","","","","","","","","","","","","","","","","","","","","","","","","","","","","","","","","","","","","","","","","","","","","","","","","","","","","","","","","","","","","","","","","","","","","","",""
