"CVE ID","Component","Version","Attack Vector","CVSS Score","CVSS Version","CWE ID","CWE Name","Impact Score","Number of Known Exploits","Number of Known Attacks","Status","CVE Resolution","What is this vulnerability"
"CVE-2022-37434","zlib","1.2.8","NETWORK","9.80","3.1","CWE-787","","High","0","0","TO FIX","","zlib through 1.2.12 has a heap-based buffer over-read or buffer overflow in inflate in inflate.c via a large gzip header extra field. NOTE: only applications that call inflateGetHeader are affected. Some common applications bundle the affected zlib source code but may be unable to call inflateGetHeader (e.g., see the nodejs/node reference)."
"CVE-2018-25032","zlib","1.2.8","NETWORK","7.50","3.1","CWE-787","","High","0","0","TO FIX","","zlib before 1.2.12 allows memory corruption when deflating (i.e., when compressing) if the input has many distant matches."
"CVE-2021-41079","tomcat","8.5.14","NETWORK","7.50","3.1","CWE-835","","High","0","0","TO FIX","##### Development upgrade
Upgrade to Apache Tomcat 10.0.4 or later,
                         9.0.44 or later,
                         8.5.64 or later

##### Development mitigation
Apply this [patch](https://github.com/apache/tomcat/commit/34115fb3c83f6cd97772232316a492a4cc5729e0) and build from source.","Apache Tomcat 8.5.0 to 8.5.63, 9.0.0-M1 to 9.0.43 and 10.0.0-M1 to 10.0.2 did not properly validate incoming TLS packets. When Tomcat was configured to use NIO+OpenSSL or NIO2+OpenSSL for TLS, a specially crafted packet could be used to trigger an infinite loop resulting in a denial of service."
"CVE-2022-2048","org.eclipse.jetty:jetty-util","9.2.21.v20170120","NETWORK","7.50","3.1","CWE-400","","High","0","0","TO FIX","","In Eclipse Jetty HTTP/2 server implementation, when encountering an invalid HTTP/2 request, the error handling has a bug that can wind up not properly cleaning up the active connections and associated resources. This can lead to a Denial of Service scenario where there are no enough resources left to process good requests."
"CVE-2022-2048","org.eclipse.jetty:jetty-server","9.2.21.v20170120","NETWORK","7.50","3.1","CWE-400","","High","0","0","TO FIX","","In Eclipse Jetty HTTP/2 server implementation, when encountering an invalid HTTP/2 request, the error handling has a bug that can wind up not properly cleaning up the active connections and associated resources. This can lead to a Denial of Service scenario where there are no enough resources left to process good requests."
"CVE-2022-2048","org.eclipse.jetty:jetty-http","9.2.21.v20170120","NETWORK","7.50","3.1","CWE-400","","High","0","0","TO FIX","","In Eclipse Jetty HTTP/2 server implementation, when encountering an invalid HTTP/2 request, the error handling has a bug that can wind up not properly cleaning up the active connections and associated resources. This can lead to a Denial of Service scenario where there are no enough resources left to process good requests."
"CVE-2022-2048","org.eclipse.jetty:jetty-client","9.2.21.v20170120","NETWORK","7.50","3.1","CWE-400","","High","0","0","TO FIX","","In Eclipse Jetty HTTP/2 server implementation, when encountering an invalid HTTP/2 request, the error handling has a bug that can wind up not properly cleaning up the active connections and associated resources. This can lead to a Denial of Service scenario where there are no enough resources left to process good requests."
"CVE-2021-26291","maven","3.3.9","NETWORK","9.10","3.1","CWE-346","","High","0","0","TO FIX","##### Development upgrade

Upgrade Maven to version 3.8.1 or any later version","Apache Maven will follow repositories that are defined in a dependency’s Project Object Model (pom) which may be surprising to some users, resulting in potential risk if a malicious actor takes over that repository or is able to insert themselves into a position to pretend to be that repository. Maven is changing the default behavior in 3.8.1+ to no longer follow http (non-SSL) repository references by default. More details available in the referenced urls. If you are currently using a repository manager to govern the repositories used by your builds, you are unaffected by the risks present in the legacy behavior, and are unaffected by this vulnerability and change to default behavior. See this link for more information about repository management: https://maven.apache.org/repository-management.html"
"CVE-2019-17571","log4j:log4j","1.2.12","NETWORK","9.80","3.1","CWE-502","Deserialization of Untrusted Data","Very High","0","0","TO FIX","##### Development upgrade

Switch to using the Log4j 2.x package, as 1.2.x is EOL since August 2015. 

##### Deployment mitigation

Replace usage of  `SocketReceiver` and `UDPReceiver` with `XMLSocketReceiver`, which supplies the same interface and is not vulnerable to this issue","Included in Log4j 1.2 is a SocketServer class that is vulnerable to deserialization of untrusted data which can be exploited to remotely execute arbitrary code when combined with a deserialization gadget when listening to untrusted network traffic for log data. This affects Log4j versions up to 1.2 up to 1.2.17."
"CVE-2020-9493","log4j:log4j","1.2.12","NETWORK","9.80","3.1","CWE-502","","Very High","0","0","TO FIX","##### Development upgrade

Upgrade Apache Chainsaw to version 2.1.0 or later


##### Deployment mitigation

Modify the Apache Chainsaw configuration file to use ` XMLSocketReceiver`: 

``` 
<plugin name=""XMLSocketReceiver"" class=""org.apache.log4j.net.XMLSocketReceiver""> 
      <param name=""decoder"" value=""org.apache.log4j.xml.UtilLoggingXMLDecoder""/> 
      <param name=""Port"" value=""2222""/> 
</plugin> 
``` 

Make sure `SocketReceiver` and `UDPReceiver` are disabled by removing the following from the configuration file:

``` 
<plugin name=""SocketReceiver"" class=""org.apache.log4j.net.SocketReceiver""> 
      <param name=""Port"" value=""4445""/> 
</plugin> 
``` 
and

``` 
<plugin name=""UDPReceiver"" class=""org.apache.log4j.net.UDPReceiver""> 
      <param name=""Port"" value=""4445""/> 
</plugin> 
```","A deserialization flaw was found in Apache Chainsaw versions prior to 2.1.0 which could lead to malicious code execution."
"CVE-2020-9493","log4j:log4j","1.2.x","NETWORK","9.80","3.1","CWE-502","","Very High","0","0","TO FIX","##### Development upgrade

Upgrade Apache Chainsaw to version 2.1.0 or later


##### Deployment mitigation

Modify the Apache Chainsaw configuration file to use ` XMLSocketReceiver`: 

``` 
<plugin name=""XMLSocketReceiver"" class=""org.apache.log4j.net.XMLSocketReceiver""> 
      <param name=""decoder"" value=""org.apache.log4j.xml.UtilLoggingXMLDecoder""/> 
      <param name=""Port"" value=""2222""/> 
</plugin> 
``` 

Make sure `SocketReceiver` and `UDPReceiver` are disabled by removing the following from the configuration file:

``` 
<plugin name=""SocketReceiver"" class=""org.apache.log4j.net.SocketReceiver""> 
      <param name=""Port"" value=""4445""/> 
</plugin> 
``` 
and

``` 
<plugin name=""UDPReceiver"" class=""org.apache.log4j.net.UDPReceiver""> 
      <param name=""Port"" value=""4445""/> 
</plugin> 
```","A deserialization flaw was found in Apache Chainsaw versions prior to 2.1.0 which could lead to malicious code execution."
"CVE-2020-9484","tomcat","8.5.14","LOCAL","7.00","3.1","CWE-502","Deserialization of Untrusted Data","Very High","2","0","TO FIX","##### Development upgrade

his vulnerability was not fixed properly and as it was still exploitable in a rare configuration, a new patch was needed and an additional CVE ID was assigned [CVE-2021-25329](https://nvd.nist.gov/vuln/detail/CVE-2021-25329). As such, consider upgrading to the versions that contain the patch for CVE-2021-25329 which are 10.0.2, 9.0.43, 8.5.63 or 7.0.108. 

##### Deployment mitigation

Consider using the default `StandardManager` class for session management instead of the vulnerable `PersistentManager` class.","When using Apache Tomcat versions 10.0.0-M1 to 10.0.0-M4, 9.0.0.M1 to 9.0.34, 8.5.0 to 8.5.54 and 7.0.0 to 7.0.103 if a) an attacker is able to control the contents and name of a file on the server; and b) the server is configured to use the PersistenceManager with a FileStore; and c) the PersistenceManager is configured with sessionAttributeValueClassNameFilter=""null"" (the default unless a SecurityManager is used) or a sufficiently lax filter to allow the attacker provided object to be deserialized; and d) the attacker knows the relative file path from the storage location used by FileStore to the file the attacker has control over; then, using a specifically crafted request, the attacker will be able to trigger remote code execution via deserialization of the file under their control. Note that all of conditions a) to d) must be true for the attack to succeed."
"CVE-2020-1938","tomcat","8.5.14","NETWORK","9.80","3.1","CWE-Other","Not assigned - weakness type is not covered by NVD used subset. For more information see NVD categories.","High","0","0","TO FIX","##### Development upgrade

Upgrade Apache Tomcat to version 9.0.31, 8.5.51 or 7.0.100.","When using the Apache JServ Protocol (AJP), care must be taken when trusting incoming connections to Apache Tomcat. Tomcat treats AJP connections as having higher trust than, for example, a similar HTTP connection. If such connections are available to an attacker, they can be exploited in ways that may be surprising. In Apache Tomcat 9.0.0.M1 to 9.0.0.30, 8.5.0 to 8.5.50 and 7.0.0 to 7.0.99, Tomcat shipped with an AJP Connector enabled by default that listened on all configured IP addresses. It was expected (and recommended in the security guide) that this Connector would be disabled if not required. This vulnerability report identified a mechanism that allowed: - returning arbitrary files from anywhere in the web application - processing any file in the web application as a JSP Further, if the web application allowed file upload and stored those files within the web application (or the attacker was able to control the content of the web application by some other means) then this, along with the ability to process a file as a JSP, made remote code execution possible. It is important to note that mitigation is only required if an AJP port is accessible to untrusted users. Users wishing to take a defence-in-depth approach and block the vector that permits returning arbitrary files and execution as JSP may upgrade to Apache Tomcat 9.0.31, 8.5.51 or 7.0.100 or later. A number of changes were made to the default AJP Connector configuration in 9.0.31 to harden the default configuration. It is likely that users upgrading to 9.0.31, 8.5.51 or 7.0.100 or later will need to make small changes to their configurations."
"CVE-2021-33910","systemd","232","LOCAL","5.50","3.1","CWE-770","","High","1","0","TO FIX","##### Development upgrade	
Upgrade systemd to at least v249.1 (inclusive)

##### Development mitigation
Apply this [patch]( https://github.com/systemd/systemd-stable/commit/764b74113e36ac5219a4b82a05f311b5a92136ce) and build from source.

##### Deployment mitigation
Set /proc/sys/kernel/unprivileged_userns_clone to 0 - to prevent an attacker from mounting a long directory in user namespace.

Set /proc/sys/kernel/unprivileged_bpf_disabled to 1 – to prevent an attacker from loading ebpf program into kernel.

Note: these mitigations apply for the exploit that was detailed in the [technical writeup]( https://packetstormsecurity.com/files/163621/Sequoia-A-Deep-Root-In-Linuxs-Filesystem-Layer.html)
but might not be applicable for other techniques.","basic/unit-name.c in systemd prior to 246.15, 247.8, 248.5, and 249.1 has a Memory Allocation with an Excessive Size Value (involving strdupa and alloca for a pathname controlled by a local attacker) that results in an operating system crash."
"CVE-2022-2048","org.eclipse.jetty:jetty-xml","9.2.21.v20170120","NETWORK","7.50","3.1","CWE-400","","High","0","0","TO FIX","","In Eclipse Jetty HTTP/2 server implementation, when encountering an invalid HTTP/2 request, the error handling has a bug that can wind up not properly cleaning up the active connections and associated resources. This can lead to a Denial of Service scenario where there are no enough resources left to process good requests."
"CVE-2020-11023","jquery","1.6.4","NETWORK","6.10","3.1","CWE-79","Improper Neutralization of Input During Web Page Generation ('Cross-site Scripting')","High","0","0","TO FIX","##### Deployment upgrade

* Upgrade [jQuery](https://jquery.com/download/) to version 3.5.0 or later. Refer to the official [upgrade guide](https://jquery.com/upgrade-guide/3.5/).

##### Deployment mitigations

* Securely sanitize untrusted HTML with [DOMPurify](https://github.com/cure53/DOMPurify)","In jQuery versions greater than or equal to 1.0.3 and before 3.5.0, passing HTML containing <option> elements from untrusted sources - even after sanitizing it - to one of jQuery's DOM manipulation methods (i.e. .html(), .append(), and others) may execute untrusted code. This problem is patched in jQuery 3.5.0."
"CVE-2020-11022","jquery","1.6.4","NETWORK","6.10","3.1","CWE-79","Improper Neutralization of Input During Web Page Generation ('Cross-site Scripting')","High","0","0","TO FIX","##### Deployment upgrade

* Upgrade [jQuery](https://jquery.com/download/) to version 3.5.0 or later. Refer to the official [upgrade guide](https://jquery.com/upgrade-guide/3.5/).

##### Deployment mitigations

* Securely sanitize untrusted HTML with [DOMPurify](https://github.com/cure53/DOMPurify)","In jQuery versions greater than or equal to 1.2 and before 3.5.0, passing HTML from untrusted sources - even after sanitizing it - to one of jQuery's DOM manipulation methods (i.e. .html(), .append(), and others) may execute untrusted code. This problem is patched in jQuery 3.5.0."
"CVE-2019-11358","jquery","1.6.4","NETWORK","6.10","3.1","CWE-1321","Prototype Pollution","Very High","0","0","TO FIX","##### Development upgrade

- Upgrade [jQuery](https://jquery.com/) to the latest version or to any version starting with 3.4.0.

##### Development mitigations

* For jQuery version 3.x, apply the official [patch](https://github.com/jquery/jquery/commit/753d591aea698e57d6db58c9f722cd0808619b1b).
* For previous versions, use [patch diffs](https://github.com/DanielRuf/snyk-js-jquery-174006?files=1).
* Apply strict sanitization to all inputs received externally.","jQuery before 3.4.0, as used in Drupal, Backdrop CMS, and other products, mishandles jQuery.extend(true, {}, ...) because of Object.prototype pollution. If an unsanitized source object contained an enumerable __proto__ property, it could extend the native Object.prototype."
"CVE-2022-2048","jetty","9.2.21","NETWORK","7.50","3.1","CWE-400","","High","0","0","TO FIX","","In Eclipse Jetty HTTP/2 server implementation, when encountering an invalid HTTP/2 request, the error handling has a bug that can wind up not properly cleaning up the active connections and associated resources. This can lead to a Denial of Service scenario where there are no enough resources left to process good requests."
"CVE-2018-1000001","glibc","2.24","LOCAL","7.80","3.0","CWE-124","Out-of-bounds Write","Very High","2","0","TO FIX","##### Development upgrade

* Upgrade [glibc](https://www.gnu.org/software/libc/) to version 2.27 or later.

##### Development mitigations

* Apply the [official patch](https://sourceware.org/git/gitweb.cgi?p=glibc.git;h=fabef2edbc29424a8048bdd60eba1a201f95682b) and rebuild glibc from source.

##### Deployment mitigations

* Remove the SUID bit from any binaries which use the `getcwd()`system call.","In glibc 2.26 and earlier there is confusion in the usage of getcwd() by realpath() which can be used to write before the destination buffer leading to a buffer underflow and potential code execution."
"CVE-2022-40156","com.thoughtworks.xstream:xstream","1.3.1","NETWORK","7.50","3.1","CWE-787","","High","0","0","TO FIX","","** REJECT ** DO NOT USE THIS CANDIDATE NUMBER. Reason: This CVE has been rejected as it was incorrectly assigned. All references and descriptions in this candidate have been removed to prevent accidental usage."
"CVE-2022-40155","com.thoughtworks.xstream:xstream","1.3.1","NETWORK","7.50","3.1","CWE-787","","High","0","0","TO FIX","","** REJECT ** DO NOT USE THIS CANDIDATE NUMBER. Reason: This CVE has been rejected as it was incorrectly assigned. All references and descriptions in this candidate have been removed to prevent accidental usage."
"CVE-2022-40154","com.thoughtworks.xstream:xstream","1.3.1","NETWORK","7.50","3.1","CWE-787","","High","0","0","TO FIX","","** REJECT ** DO NOT USE THIS CANDIDATE NUMBER. Reason: This CVE has been rejected as it was incorrectly assigned. All references and descriptions in this candidate have been removed to prevent accidental usage."
"CVE-2022-40153","com.thoughtworks.xstream:xstream","1.3.1","NETWORK","7.50","3.1","CWE-787","","High","0","0","TO FIX","","Those using Xstream to seralize XML data may be vulnerable to Denial of Service attacks (DOS). If the parser is running on user supplied input, an attacker may supply content that causes the parser to crash by stackoverflow. This effect may support a denial of service attack."
"CVE-2021-39152","com.thoughtworks.xstream:xstream","1.3.1","NETWORK","8.50","3.1","CWE-502","","High","0","0","TO FIX","","XStream is a simple library to serialize objects to XML and back again. In affected versions this vulnerability may allow a remote attacker to request data from internal resources that are not publicly available only by manipulating the processed input stream with a Java runtime version 14 to 8. No user is affected, who followed the recommendation to setup XStream's security framework with a whitelist limited to the minimal required types. If you rely on XStream's default blacklist of the [Security Framework](https://x-stream.github.io/security.html#framework), you will have to use at least version 1.4.18."
"CVE-2021-39150","com.thoughtworks.xstream:xstream","1.3.1","NETWORK","8.50","3.1","CWE-502","","High","0","0","TO FIX","","XStream is a simple library to serialize objects to XML and back again. In affected versions this vulnerability may allow a remote attacker to request data from internal resources that are not publicly available only by manipulating the processed input stream with a Java runtime version 14 to 8. No user is affected, who followed the recommendation to setup XStream's security framework with a whitelist limited to the minimal required types. If you rely on XStream's default blacklist of the [Security Framework](https://x-stream.github.io/security.html#framework), you will have to use at least version 1.4.18."
"CVE-2019-3462","apt","1.4.8","NETWORK","8.10","3.1","CWE-noinfo","Not assigned - insufficient information to classify it. For more information see NVD categories.","Very High","1","0","TO FIX","##### Development upgrade

* Upgrade [APT](https://wiki.debian.org/Apt) to the latest version or to any version later than 1.4.8.
* Starting from the [Buster](https://www.debian.org/releases/buster/) version of Debian, APT supports HTTPS by default. Always use APT with HTTPS to prevent this attack and many possible privacy violations.

##### Development mitigations

* Apply the [official patch](https://lists.debian.org/debian-lts-announce/2019/01/msg00014.html) and rebuild APT from source.","Incorrect sanitation of the 302 redirect field in HTTP transport method of apt versions 1.4.8 and earlier can lead to content injection by a MITM attacker, potentially leading to remote code execution on the target machine."
