"Exposure ID","Description","Status","Component","Category","Impact","Effort","Abbreviation","Outcome 1","Outcome 2","Outcome 3","Outcome 4","Outcome 5","Outcome 6","Outcome 7","Outcome 8","Outcome 9","Outcome 10","Standard 1","Standard 2","Standard 3","Standard 4","Standard 5","Standard 6","Standard 7","Standard 8","Standard 9","Standard 10","Standard 11","Standard 12","Standard 13","Standard 14","Standard 15","Standard 16","Standard 17","Standard 18","Standard 19","Standard 20","Standard 21","Standard 22","Standard 23"
"EXP-88","Application passwords are stored unencrypted","TO FIX","Linux","Cryptography","High","Medium","REQ.OS.LINUX.PASS.ENCRYPT","Credential extraction","","","","","","","","","","ASVS","CCDS IoT GW","CSDE","CTIA","ENISA Baseline","FIPS 140-2","IEC 62443-3-3","ISA/IEC 62443-EDSA 3.0.0 SSA-311","NISTIR 8259 A","NIST SP800-171","UL 2900-1","UL 2900-2-1","UL 2900-2-2","UL 2900-2-3","","","","","","","","",""
"EXP-581","Weak, default, or well-known passwords are in use","TO FIX","Linux","Authentication","High","Medium","REQ.OS.LINUX.PASS.CHECK-DEFAULT","Credential extraction","Malicious login","","","","","","","","","ASVS","CCDS IoT GW","DCMS","ENISA Baseline","ETSI TS 103 645","ETSI TS 303 645","FDA Premarket Submissions","GSMA","IEC 62443-3-3","IEC 62443-4-2","IoTSFv2","ISA/IEC 62443-EDSA 3.0.0 CSA-311","ISA/IEC 62443-EDSA 3.0.0 SSA-311","NIST IR 7628","NIST SP800-171","OWASP IoT Top 10","UL MCV 1376","","","","","",""
"EXP-1460","Spring Security framework is not included","TO FIX","org.springframework","Other","High","Low","REQ.WEB.SPRING.SPRING-SECURITY","Credential extraction","Data collection","Denial of service","Device hijacking","Malicious code execution","Malicious login","Privilege escalation","Remote exploitation","Traffic interception","Traffic manipulation","Vdoo Only","","","","","","","","","","","","","","","","","","","","","",""
"EXP-1461","Spring does not enforce TLS on all communications","TO FIX","org.springframework.security","Network","High","Medium","REQ.WEB.SPRING.TLS","Traffic interception","Traffic manipulation","","","","","","","","","ASVS","CSDE","ETSI TS 103 645","FDA Premarket Submissions","IEC 62443-4-2","IoTSFv2","ISA/IEC 62443-EDSA 3.0.0 CSA-311","NISTIR 8259 A","NIST SP800-171","OWASP IoT Top 10","UL 2900-2-2","UL MCV 1376","UNECE WP.29","","","","","","","","","",""
"EXP-1462","Spring does not enforce authentication on all pages and resources","TO FIX","org.springframework.security","Authentication","High","High","REQ.WEB.SPRING.AUTH.ENFORCE","Data collection","Remote data corruption","Remote exploitation","","","","","","","","ASVS","CCDS Automotive","CCDS Common IoT Guidelines","CSDE","ENISA Smart Manufacturing","ETSI TS 103 645","ETSI TS 303 645","FDA Premarket Submissions","GSMA","IEC 62443-3-3","IEC 62443-4-2","ISA/IEC 62443-EDSA 3.0.0 CSA-311","ISA/IEC 62443-EDSA 3.0.0 SSA-311","METI CPS Framework","NISTIR 8259 A","NIST SP800-171","OWASP IoT Top 10","UL 2900-1","UL 2900-2-1","UL 2900-2-2","UL 2900-2-3","UL MCV 1376","UNECE WP.29"
"EXP-1465","Unique identifier is not generated for each login session","TO FIX","org.springframework.security","Authentication","High","Medium","REQ.WEB.SPRING.UNIQUE-SESSION","Remote data corruption","Traffic manipulation","","","","","","","","","ASVS","CCDS Common IoT Guidelines","IEC 62443-3-3","IEC 62443-4-2","ISA/IEC 62443-EDSA 3.0.0 CSA-311","ISA/IEC 62443-EDSA 3.0.0 SSA-311","","","","","","","","","","","","","","","","",""
"EXP-1469","Spring runs under a privileged account","TO FIX","org.springframework","Software","High","Medium","REQ.WEB.SPRING.NOT-ROOT","Privilege escalation","","","","","","","","","","AGL","ASVS","CTIA","ETSI TS 103 645","ETSI TS 303 645","GSMA","IEC 62443-3-3","IEC 62443-4-1","IoTSFv2","ISA/IEC 62443-EDSA 3.0.0 SDLA-312","","","","","","","","","","","","",""
