{"version":"0.9.0.1","created_at":"2022-02-25 05:49:29 +0000","results":[{"type":"unpatched_gem","gem":{"name":"nokogiri","version":"1.12.5"},"advisory":{"path":"/home/ubuntu/.local/share/ruby-advisory-db/gems/nokogiri/GHSA-fq42-c5rg-92c2.yml","id":"GHSA-fq42-c5rg-92c2","url":"https://github.com/sparklemotion/nokogiri/security/advisories/GHSA-fq42-c5rg-92c2","title":"Update packaged libxml2 (2.9.12 → 2.9.13) and libxslt (1.1.34 → 1.1.35)","date":"2022-02-21","description":"## Summary\n\nNokogiri v1.13.2 upgrades two of its packaged dependencies:\n\n* vendored libxml2 from v2.9.12 to v2.9.13\n* vendored libxslt from v1.1.34 to v1.1.35\n\nThose library versions address the following upstream CVEs:\n\n* libxslt: CVE-2021-30560 (CVSS 8.8, High severity)\n* libxml2: CVE-2022-23308 (Unspecified severity, see more information below)\n\nThose library versions also address numerous other issues including performance\nimprovements, regression fixes, and bug fixes, as well as memory leaks and other\nuse-after-free issues that were not assigned CVEs.\n\nPlease note that this advisory only applies to the CRuby implementation of\nNokogiri < 1.13.2, and only if the packaged libraries are being used. If you've\noverridden defaults at installation time to use system libraries instead of\npackaged libraries, you should instead pay attention to your distro's `libxml2`\nand `libxslt` release announcements.\n\n## Mitigation\n\nUpgrade to Nokogiri >= 1.13.2.\n\nUsers who are unable to upgrade Nokogiri may also choose a more complicated\nmitigation: compile and link an older version Nokogiri against external libraries\nlibxml2 >= 2.9.13 and libxslt >= 1.1.35, which will also address these same CVEs.\n\n## Impact\n\n* libxslt CVE-2021-30560\n* CVSS3 score: 8.8 (High)\n\nFixed by https://gitlab.gnome.org/GNOME/libxslt/-/commit/50f9c9c\n\nAll versions of libxslt prior to v1.1.35 are affected.\n\nApplications using untrusted XSL stylesheets to transform XML are vulnerable to\na denial-of-service attack and should be upgraded immediately.\n\nlibxml2 CVE-2022-23308\n* As of the time this security advisory was published, there is no officially\npublished information available about this CVE's severity. The above NIST link\ndoes not yet have a published record, and the libxml2 maintainer has declined\nto provide a severity score.\n* Fixed by https://gitlab.gnome.org/GNOME/libxml2/-/commit/652dd12\n* Further explanation is at https://mail.gnome.org/archives/xml/2022-February/msg00015.html\n\nThe upstream commit and the explanation linked above indicate that an application\nmay be vulnerable to a denial of service, memory disclosure, or code execution if\nit parses an untrusted document with parse options `DTDVALID` set to true, and `NOENT`\nset to false.\n\nAn analysis of these parse options:\n\n* While `NOENT` is off by default for Document, DocumentFragment, Reader, and\nSchema parsing, it is on by default for XSLT (stylesheet) parsing in Nokogiri\nv1.12.0 and later.\n* `DTDVALID` is an option that Nokogiri does not set for any operations, and so\nthis CVE applies only to applications setting this option explicitly.\n\nIt seems reasonable to assume that any application explicitly setting the parse\noption `DTDVALID` when parsing untrusted documents is vulnerable and should be\nupgraded immediately.\n","cvss_v2":null,"cvss_v3":8.8,"cve":"2021-30560","osvdb":null,"ghsa":"fq42-c5rg-92c2","unaffected_versions":[],"patched_versions":[">= 1.13.2"],"criticality":"high"}},{"type":"unpatched_gem","gem":{"name":"nokogiri","version":"1.12.5"},"advisory":{"path":"/home/ubuntu/.local/share/ruby-advisory-db/gems/nokogiri/GHSA-fq42-c5rg-92c2.yml","id":"GHSA-fq42-c5rg-92c2","url":"https://github.com/sparklemotion/nokogiri/security/advisories/GHSA-fq42-c5rg-92c2","title":"Update packaged libxml2 (2.9.12 → 2.9.13) and libxslt (1.1.34 → 1.1.35)","date":"2022-02-21","description":"## Summary\n\nNokogiri v1.13.2 upgrades two of its packaged dependencies:\n\n* vendored libxml2 from v2.9.12 to v2.9.13\n* vendored libxslt from v1.1.34 to v1.1.35\n\nThose library versions address the following upstream CVEs:\n\n* libxslt: CVE-2021-30560 (CVSS 8.8, High severity)\n* libxml2: CVE-2022-23308 (Unspecified severity, see more information below)\n\nThose library versions also address numerous other issues including performance\nimprovements, regression fixes, and bug fixes, as well as memory leaks and other\nuse-after-free issues that were not assigned CVEs.\n\nPlease note that this advisory only applies to the CRuby implementation of\nNokogiri < 1.13.2, and only if the packaged libraries are being used. If you've\noverridden defaults at installation time to use system libraries instead of\npackaged libraries, you should instead pay attention to your distro's `libxml2`\nand `libxslt` release announcements.\n\n## Mitigation\n\nUpgrade to Nokogiri >= 1.13.2.\n\nUsers who are unable to upgrade Nokogiri may also choose a more complicated\nmitigation: compile and link an older version Nokogiri against external libraries\nlibxml2 >= 2.9.13 and libxslt >= 1.1.35, which will also address these same CVEs.\n\n## Impact\n\n* libxslt CVE-2021-30560\n* CVSS3 score: 8.8 (High)\n\nFixed by https://gitlab.gnome.org/GNOME/libxslt/-/commit/50f9c9c\n\nAll versions of libxslt prior to v1.1.35 are affected.\n\nApplications using untrusted XSL stylesheets to transform XML are vulnerable to\na denial-of-service attack and should be upgraded immediately.\n\nlibxml2 CVE-2022-23308\n* As of the time this security advisory was published, there is no officially\npublished information available about this CVE's severity. The above NIST link\ndoes not yet have a published record, and the libxml2 maintainer has declined\nto provide a severity score.\n* Fixed by https://gitlab.gnome.org/GNOME/libxml2/-/commit/652dd12\n* Further explanation is at https://mail.gnome.org/archives/xml/2022-February/msg00015.html\n\nThe upstream commit and the explanation linked above indicate that an application\nmay be vulnerable to a denial of service, memory disclosure, or code execution if\nit parses an untrusted document with parse options `DTDVALID` set to true, and `NOENT`\nset to false.\n\nAn analysis of these parse options:\n\n* While `NOENT` is off by default for Document, DocumentFragment, Reader, and\nSchema parsing, it is on by default for XSLT (stylesheet) parsing in Nokogiri\nv1.12.0 and later.\n* `DTDVALID` is an option that Nokogiri does not set for any operations, and so\nthis CVE applies only to applications setting this option explicitly.\n\nIt seems reasonable to assume that any application explicitly setting the parse\noption `DTDVALID` when parsing untrusted documents is vulnerable and should be\nupgraded immediately.\n","cvss_v2":null,"cvss_v3":8.8,"cve":"2021-30560","osvdb":null,"ghsa":"fq42-c5rg-92c2","unaffected_versions":[],"patched_versions":[">= 1.13.2"],"criticality":"high"}},{"type":"unpatched_gem","gem":{"name":"nokogiri","version":"1.12.5"},"advisory":{"path":"/home/ubuntu/.local/share/ruby-advisory-db/gems/nokogiri/GHSA-fq42-c5rg-92c2.yml","id":"GHSA-fq42-c5rg-92c2","url":"https://github.com/sparklemotion/nokogiri/security/advisories/GHSA-fq42-c5rg-92c2","title":"Update packaged libxml2 (2.9.12 → 2.9.13) and libxslt (1.1.34 → 1.1.35)","date":"2022-02-21","description":"## Summary\n\nNokogiri v1.13.2 upgrades two of its packaged dependencies:\n\n* vendored libxml2 from v2.9.12 to v2.9.13\n* vendored libxslt from v1.1.34 to v1.1.35\n\nThose library versions address the following upstream CVEs:\n\n* libxslt: CVE-2021-30560 (CVSS 8.8, High severity)\n* libxml2: CVE-2022-23308 (Unspecified severity, see more information below)\n\nThose library versions also address numerous other issues including performance\nimprovements, regression fixes, and bug fixes, as well as memory leaks and other\nuse-after-free issues that were not assigned CVEs.\n\nPlease note that this advisory only applies to the CRuby implementation of\nNokogiri < 1.13.2, and only if the packaged libraries are being used. If you've\noverridden defaults at installation time to use system libraries instead of\npackaged libraries, you should instead pay attention to your distro's `libxml2`\nand `libxslt` release announcements.\n\n## Mitigation\n\nUpgrade to Nokogiri >= 1.13.2.\n\nUsers who are unable to upgrade Nokogiri may also choose a more complicated\nmitigation: compile and link an older version Nokogiri against external libraries\nlibxml2 >= 2.9.13 and libxslt >= 1.1.35, which will also address these same CVEs.\n\n## Impact\n\n* libxslt CVE-2021-30560\n* CVSS3 score: 8.8 (High)\n\nFixed by https://gitlab.gnome.org/GNOME/libxslt/-/commit/50f9c9c\n\nAll versions of libxslt prior to v1.1.35 are affected.\n\nApplications using untrusted XSL stylesheets to transform XML are vulnerable to\na denial-of-service attack and should be upgraded immediately.\n\nlibxml2 CVE-2022-23308\n* As of the time this security advisory was published, there is no officially\npublished information available about this CVE's severity. The above NIST link\ndoes not yet have a published record, and the libxml2 maintainer has declined\nto provide a severity score.\n* Fixed by https://gitlab.gnome.org/GNOME/libxml2/-/commit/652dd12\n* Further explanation is at https://mail.gnome.org/archives/xml/2022-February/msg00015.html\n\nThe upstream commit and the explanation linked above indicate that an application\nmay be vulnerable to a denial of service, memory disclosure, or code execution if\nit parses an untrusted document with parse options `DTDVALID` set to true, and `NOENT`\nset to false.\n\nAn analysis of these parse options:\n\n* While `NOENT` is off by default for Document, DocumentFragment, Reader, and\nSchema parsing, it is on by default for XSLT (stylesheet) parsing in Nokogiri\nv1.12.0 and later.\n* `DTDVALID` is an option that Nokogiri does not set for any operations, and so\nthis CVE applies only to applications setting this option explicitly.\n\nIt seems reasonable to assume that any application explicitly setting the parse\noption `DTDVALID` when parsing untrusted documents is vulnerable and should be\nupgraded immediately.\n","cvss_v2":null,"cvss_v3":8.8,"cve":"2021-30560","osvdb":null,"ghsa":"fq42-c5rg-92c2","unaffected_versions":[],"patched_versions":[">= 1.13.2"],"criticality":"high"}},{"type":"unpatched_gem","gem":{"name":"puma","version":"5.5.2"},"advisory":{"path":"/home/ubuntu/.local/share/ruby-advisory-db/gems/puma/CVE-2022-23634.yml","id":"CVE-2022-23634","url":"https://github.com/puma/puma/security/advisories/GHSA-rmj8-8hhh-gv5h","title":"Information Exposure with Puma when used with Rails","date":"2022-02-11","description":"### Impact\n\nPrior to `puma` version `5.6.2`, `puma` may not always call\n`close` on the response body. Rails, prior to version `7.0.2.2`, depended on the\nresponse body being closed in order for its `CurrentAttributes` implementation to\nwork correctly.\n\nFrom Rails:\n\n> Under certain circumstances response bodies will not be closed, for example\n> a bug in a webserver[1] or a bug in a Rack middleware. In the event a\n> response is not notified of a close, ActionDispatch::Executor will not know\n> to reset thread local state for the next request. This can lead to data\n> being leaked to subsequent requests, especially when interacting with\n> ActiveSupport::CurrentAttributes.\n\nThe combination of these two behaviors (Puma not closing the body + Rails'\nExecutor implementation) causes information leakage.\n\n### Patches\n\nThis problem is fixed in Puma versions 5.6.2 and 4.3.11.\n\nThis problem is fixed in Rails versions 7.02.2, 6.1.4.6, 6.0.4.6, and 5.2.6.2.\n\nSee: https://github.com/advisories/GHSA-wh98-p28r-vrc9\nfor details about the rails vulnerability\n\nUpgrading to a patched Rails _or_ Puma version fixes the vulnerability.\n\n### Workarounds\n\nUpgrade to Rails versions 7.0.2.2, 6.1.4.6, 6.0.4.6, and 5.2.6.2.\n\nThe [Rails CVE](https://groups.google.com/g/ruby-security-ann/c/FkTM-_7zSNA/m/K2RiMJBlBAAJ?utm_medium=email&utm_source=footer&pli=1)\nincludes a middleware that can be used instead.\n","cvss_v2":null,"cvss_v3":8.0,"cve":"2022-23634","osvdb":null,"ghsa":"rmj8-8hhh-gv5h","unaffected_versions":[],"patched_versions":["~> 4.3.11",">= 5.6.2"],"criticality":"high"}},{"type":"unpatched_gem","gem":{"name":"redcarpet","version":"3.2.3"},"advisory":{"path":"/home/ubuntu/.local/share/ruby-advisory-db/gems/redcarpet/CVE-2020-26298.yml","id":"CVE-2020-26298","url":"https://github.com/vmg/redcarpet/commit/a699c82292b17c8e6a62e1914d5eccc252272793","title":"Injection/XSS in Redcarpet","date":"2021-01-11","description":"Redcarpet is a Ruby library for Markdown processing. In Redcarpet before\nversion 3.5.1, there is an injection vulnerability which can enable a cross-site\nscripting attack. In affected versions no HTML escaping was being performed when\nprocessing quotes. This applies even when the `:escape_html` option was being used.\n","cvss_v2":null,"cvss_v3":6.8,"cve":"2020-26298","osvdb":null,"ghsa":"q3wr-qw3g-3p4h","unaffected_versions":[],"patched_versions":[">= 3.5.1"],"criticality":"medium"}},{"type":"unpatched_gem","gem":{"name":"sidekiq","version":"6.3.1"},"advisory":{"path":"/home/ubuntu/.local/share/ruby-advisory-db/gems/sidekiq/CVE-2022-23837.yml","id":"CVE-2022-23837","url":"https://github.com/mperham/sidekiq/commit/7785ac1399f1b28992adb56055f6acd88fd1d956","title":"Denial of service in sidekiq","date":"2022-01-27","description":"In api.rb in Sidekiq before 5.2.10 and 6.4.0, there is no limit on the number of\ndays when requesting stats for the graph. This overloads the system, affecting the\nWeb UI, and makes it unavailable to users.\n","cvss_v2":5.0,"cvss_v3":7.5,"cve":"2022-23837","osvdb":null,"ghsa":"jrfj-98qg-qjgv","unaffected_versions":[],"patched_versions":[">= 6.4.0","~> 5.2.10"],"criticality":"high"}}]}