incident_id	created_at	secret_hash	detector_name	matches	occurrences_count	assignees	resolved_at	ignored_at	gitguardian_url	severity	validity	status	ignore_reason	secret_revoked	tags
3871014	2013-03-19T21:27:18+00:00	OpTBUVShYHvQWc1KBQjSYarxqQtU1oAB1Ux3dx8fVQohaEICp+KkPCNpyNbtXqJM	Generic High Entropy Secret		33				https://dashboard.gitguardian.com/workspace/263938/incidents/3871014	unknown	no_checker	TRIGGERED		False	SENSITIVE_FILE PUBLIC FROM_HISTORICAL_SCAN
3871015	2015-12-24T16:19:22+00:00	hoa18fT+XphXF9b90Y28fBk4qIIgVow+aOQmV615iYQmXHMap+KkPCNpyNbtXqJM	Generic High Entropy Secret		1				https://dashboard.gitguardian.com/workspace/263938/incidents/3871015	unknown	no_checker	TRIGGERED		False	PUBLIC FROM_HISTORICAL_SCAN
3871016	2014-03-12T22:59:38+00:00	YttKQslZK+XjqsHIR3x7uz4/uDw7P2mAiQscy7wkDeWRaWmUp+KkPCNpyNbtXqJM	Generic High Entropy Secret		15				https://dashboard.gitguardian.com/workspace/263938/incidents/3871016	unknown	no_checker	TRIGGERED		False	PUBLIC FROM_HISTORICAL_SCAN
3871017	2014-03-12T22:59:38+00:00	0zqAXvgb/zTJtWHMLTuhM/kVG6IfgW9pc4DFFHOJK8e6BNwop+KkPCNpyNbtXqJM	Generic High Entropy Secret		16				https://dashboard.gitguardian.com/workspace/263938/incidents/3871017	unknown	no_checker	TRIGGERED		False	PUBLIC FROM_HISTORICAL_SCAN
3871023	2014-10-24T06:45:46+00:00	rBtwGwCZhL7/98mVdR5itsLGRxmEU2pKONGHeZG/9aaFLVN0p+KkPCNpyNbtXqJM	Generic High Entropy Secret		4				https://dashboard.gitguardian.com/workspace/263938/incidents/3871023	unknown	no_checker	TRIGGERED		False	PUBLIC TEST_FILE FROM_HISTORICAL_SCAN
3871024	2014-10-24T06:45:46+00:00	9R7cOIbt+k0OzqemWQux+Uc9VZvBoEqdPrPKBeEBo0XhLzLwp+KkPCNpyNbtXqJM	Generic High Entropy Secret		4				https://dashboard.gitguardian.com/workspace/263938/incidents/3871024	unknown	no_checker	TRIGGERED		False	PUBLIC TEST_FILE FROM_HISTORICAL_SCAN
3871025	2014-10-24T06:45:46+00:00	wkOn5hx52E6RaFU8Nm1oDZ4+BKTjrFYKUtzSND3yAF1CpDMEp+KkPCNpyNbtXqJM	Generic High Entropy Secret		4				https://dashboard.gitguardian.com/workspace/263938/incidents/3871025	unknown	no_checker	TRIGGERED		False	PUBLIC TEST_FILE FROM_HISTORICAL_SCAN
3871026	2014-10-24T06:45:46+00:00	HYupoOYEs2OBNF+YHkKSESSg//ZQTu+3fyye3l/7n41inl+Bp+KkPCNpyNbtXqJM	Generic High Entropy Secret		4				https://dashboard.gitguardian.com/workspace/263938/incidents/3871026	unknown	no_checker	TRIGGERED		False	PUBLIC TEST_FILE FROM_HISTORICAL_SCAN
3871031	2013-04-24T20:12:16+00:00	PANSu3hGeb2R3Xsng4oHLhzs9hcQ4udXj7H5AgUSJu+kzebSp+KkPCNpyNbtXqJM	Generic High Entropy Secret		2				https://dashboard.gitguardian.com/workspace/263938/incidents/3871031	unknown	no_checker	TRIGGERED		False	PUBLIC FROM_HISTORICAL_SCAN
