{
  "id" : "6e0ca67a-61cc-11ee-8c99-0242ac120002",
  "request" : {
    "url" : "/api/v2/sites?offset=0&limit=20",
    "method" : "GET"
  },
  "response" : {
    "status" : 200,
    "bodyFileName" : "body-api-v2-sites-eng_33532_p1.json",
    "headers" : {
      "content-type" : "application/json; charset=UTF-8",
      "date" : "Thu, 06 Oct 2022 06:38:57 GMT",
      "x-envoy-upstream-service-time" : "13",
      "cache-control" : "no-store",
      "server" : "whitehat-security",
      "Strict-Transport-Security" : "max-age=15552000; includeSubDomains; preload",
      "Vary" : "Accept-Encoding"
    }
  },
  "uuid" : "6e0ca67a-61cc-11ee-8c99-0242ac120002"
}