{
  "id" : "ceb29f98-61c7-11ee-8c99-0242ac120002",
  "request" : {
    "url" : "/api/v1/authenticate",
    "method" : "POST",
    "bodyPatterns" : [ {
      "equalToJson" : "{\"password\":\"R7e6mq5Gde7R6nwjh9VnO2b/t4E\\u003d\",\"username\":\"0d32d1ca-4b64-40f0-b46c-ba9f8c859107\"}",
      "ignoreArrayOrder" : true,
      "ignoreExtraElements" : true
    } ]
  },
  "response" : {
    "status" : 404,
    "bodyFileName" : "body-api-v1-authenticate-eng_33532.txt",
    "headers" : {
      "date" : "Thu, 06 Oct 2022 06:41:09 GMT",
      "server" : "whitehat-security",
      "Strict-Transport-Security" : "max-age=15552000; includeSubDomains; preload"
    }
  },
  "uuid" : "ceb29f98-61c7-11ee-8c99-0242ac120002"
}