{
  "id" : "1f1dbfe0-61c7-11ee-8c99-0242ac120002",
  "request" : {
    "url" : "/api/application?page%3Aorder_by=label&format=json&page%3Alimit=20&page%3Aoffset=0",
    "method" : "GET"
  },
  "response" : {
    "status" : 200,
    "bodyFileName" : "body-api-application-empty.json",
    "headers" : {
      "date" : "Thu, 06 Oct 2022 06:39:00 GMT",
      "server" : "whitehat-security",
      "vary" : "Accept,Cookie, Accept-Encoding",
      "x-content-type-options" : "nosniff",
      "x-frame-options" : "SAMEORIGIN",
      "x-xss-protection" : "1; mode=block",
      "strict-transport-security" : "max-age=15552000; includeSubDomains; preload",
      "content-type" : "application/json",
      "x-envoy-upstream-service-time" : "117",
      "cache-control" : "no-store"
    }
  },
  "uuid" : "1f1dbfe0-61c7-11ee-8c99-0242ac120002"
}