<?xml version="1.0" encoding="UTF-8" standalone="yes"?><FilterTemplate xmlns:xsi="http://www.w3.org/2001/XMLSchema-instance" xmlns:ns2="xmlns://www.fortifysoftware.com/schema/wsTypes" xmlns:ns3="http://www.fortify.com/schema/fws" xmlns:ns4="xmlns://www.fortify.com/schema/audit" xmlns:ns5="xmlns://www.fortify.com/schema/issuemanagement" xmlns:ns6="xmlns://www.fortifysoftware.com/schema/activitytemplate" xmlns:ns7="xmlns://www.fortifysoftware.com/schema/seed" xmlns:ns8="xmlns://www.fortifysoftware.com/schema/runtime" xmlns:ns9="xmlns://www.fortify.com/schema/attachments" version="1.2" disableEdit="false" id="Prioritized-HighRisk-Project-Template" objectVersion="1" publishVersion="2021400001"><Name>Prioritized High Risk Issue Template</Name><Description>It is important to scrutinize high-risk applications more closely than less risky applications. It is also important to review lower-priority bad practices and code quality issues to determine if they compromise application security. The greater the number of issues audited, the greater the level of confidence in the true risk that an application poses. This helps your organization improve your mitigation strategies, security strategies, and overall application management. To support this approach, this template enables the Security Auditor View filter to give auditors a comprehensive view of all issues that Fortify SCA uncovers.</Description><FolderDefinition id="b968f72f-cc12-03b5-976e-ad4c13920c21" color="ed1c24"><name>Critical</name><description>This folder provides a comprehensive list of issues in the application with a high impact and high likelihood.</description></FolderDefinition><FolderDefinition id="5b50bb77-071d-08ed-fdba-1213fa90ac5a" color="ff7800"><name>High</name><description>This folder provides a comprehensive list of issues in the application with a high impact and low likelihood.</description></FolderDefinition><FolderDefinition id="d5f55910-5f0d-a775-e91f-191d1f5608a4" color="f6aa58"><name>Medium</name><description>This folder provides a comprehensive list of issues in the application with a low impact and high likelihood.</description></FolderDefinition><FolderDefinition id="bb824e8d-b401-40be-13bd-5d156696a685" color="eec845"><name>Low</name><description>This folder provides a comprehensive list of issues in the application with a low impact and low likelihood.</description></FolderDefinition><FolderDefinition id="f696fa7b-2380-91ad-64fb-173a6386ea1b" color="red"><name>Likely</name><description>Using evidence gathered from previously audited issues and issues generated by runtime analysis, issues found in this folder are likely to have serious securtiy implications</description></FolderDefinition><FolderDefinition id="a0884028-3842-5c1a-f951-3c26fd36a536" color="orange"><name>Possible</name><description>Using evidence gathered from previously audited issues and issues generated by runtime analysis issues found in this folder possibly have serious security implications</description></FolderDefinition><FolderDefinition id="fb322019-256f-f096-b062-9752312c9dd7" color="yellow"><name>Unknown</name><description>Using evidence gathered from previously audited issues and issues generated by runtime analysis issues found in this folder have can not be properly weighed due to lack of relevant evidence</description></FolderDefinition><FolderDefinition id="fe7dd591-6b64-af3d-1eef-fe281af6f9cd" color="green"><name>Unlikely</name><description>Using evidence gathered from previously audited issues and issues generated by runtime analysis issues found in this folder do not have characteristics similar to issues that have been given high priority in previous audits</description></FolderDefinition><FolderDefinition id="07e5f924-0d4b-411c-5455-36d04bbeb580" color="blue"><name>Evidence</name><description>Issues in this folder are previously audited issues and issues produced by runtime analysis.  These issues have been used to determine the dynamic confidence of unaudited issues found this set of analysis results</description></FolderDefinition><DefaultFolder folderID="bb824e8d-b401-40be-13bd-5d156696a685"/><TagDefinition id="87f2364f-dcd4-49e6-861d-f8d3f351686b" type="user" extensible="false" hidden="false" isIconTag="true" restriction="NONE" objectVersion="0" valueType="LIST"><name>Analysis</name><Description>The analysis tag must be set for an issue to be counted as 'Audited.' Fortify recommends that the auditor set the analysis tag as the final action during an issue audit.</Description><value isDefault="false" id="0" hidden="false">Not an Issue</value><value isDefault="false" id="1" hidden="false">Reliability Issue</value><value isDefault="false" id="2" hidden="false">Bad Practice</value><value isDefault="false" id="3" hidden="false">Suspicious</value><value isDefault="false" id="4" hidden="false">Exploitable</value></TagDefinition><PrimaryTag><primaryTagGUID>87f2364f-dcd4-49e6-861d-f8d3f351686b</primaryTagGUID><neutralWeight>0</neutralWeight><openRange>(2,5]</openRange><naiRange>[0,2]</naiRange></PrimaryTag><FilterSet type="user" id="a243b195-0a59-3f8b-1403-d55b7a7d78e6" enabled="true" disableEdit="false"><Title>Security Auditor View</Title><Description>This setting provides the source code analyzer with the most comprehensive set of rules.  It should be used to discover a broad set of security issues to be audited. Fortify SCA assigns issues impact, accuracy, probability, and confidence values, which are used to calculate issue priority. This set of filters uses these attributes to sort the issues into four folders: Critical, High, Medium and Low.</Description><EnabledFolders>b968f72f-cc12-03b5-976e-ad4c13920c21</EnabledFolders><EnabledFolders>5b50bb77-071d-08ed-fdba-1213fa90ac5a</EnabledFolders><EnabledFolders>d5f55910-5f0d-a775-e91f-191d1f5608a4</EnabledFolders><EnabledFolders>bb824e8d-b401-40be-13bd-5d156696a685</EnabledFolders><Filter><actionParam>b968f72f-cc12-03b5-976e-ad4c13920c21</actionParam><query>[Fortify Priority Order]:critical</query><action>setFolder</action></Filter><Filter><actionParam>5b50bb77-071d-08ed-fdba-1213fa90ac5a</actionParam><query>[Fortify Priority Order]:high</query><action>setFolder</action></Filter><Filter><actionParam>d5f55910-5f0d-a775-e91f-191d1f5608a4</actionParam><query>[Fortify Priority Order]:medium</query><action>setFolder</action></Filter><Filter><actionParam>bb824e8d-b401-40be-13bd-5d156696a685</actionParam><query>[Fortify Priority Order]:low</query><action>setFolder</action></Filter><Filter><actionParam>true</actionParam><query>[category]:Insecure Dependency\: Vulnerable Component [analysis type]:SCA</query><action>hide</action></Filter></FilterSet><FilterSet type="user" id="32142c2d-3f7f-4863-a1bf-9b1e2f34d2ed" enabled="false" disableEdit="false"><Title>Quick View</Title><Description>The Quick View filter set shows the most important issues that you should focus on first by taking advantage of the impact and likelihood metrics used to determine Fortify Priority Order. When selected, the Quick View filter hides all medium- and low-priority findings, which have a lower impact on source code security, and hides findings that, while they might have a high potential impact, are least likely to be exploited.</Description><EnabledFolders>b968f72f-cc12-03b5-976e-ad4c13920c21</EnabledFolders><EnabledFolders>5b50bb77-071d-08ed-fdba-1213fa90ac5a</EnabledFolders><EnabledFolders>d5f55910-5f0d-a775-e91f-191d1f5608a4</EnabledFolders><EnabledFolders>bb824e8d-b401-40be-13bd-5d156696a685</EnabledFolders><Filter><actionParam>b968f72f-cc12-03b5-976e-ad4c13920c21</actionParam><query>[fortify priority order]:critical</query><action>setFolder</action></Filter><Filter><actionParam>5b50bb77-071d-08ed-fdba-1213fa90ac5a</actionParam><query>[fortify priority order]:high</query><action>setFolder</action></Filter><Filter><actionParam>d5f55910-5f0d-a775-e91f-191d1f5608a4</actionParam><query>[Fortify Priority Order]:medium</query><action>setFolder</action></Filter><Filter><actionParam>bb824e8d-b401-40be-13bd-5d156696a685</actionParam><query>[Fortify Priority Order]:low</query><action>setFolder</action></Filter><Filter><actionParam>true</actionParam><query>impact:![2.5, 5.0]</query><action>hide</action></Filter><Filter><actionParam>true</actionParam><query>likelihood:!(1.0, 5.0]</query><action>hide</action></Filter><Filter><actionParam>true</actionParam><query>[category]:Insecure Dependency\: Vulnerable Component [analysis type]:SCA</query><action>hide</action></Filter></FilterSet></FilterTemplate>