<?xml version="1.0" encoding="UTF-8"?>
<!DOCTYPE properties
  SYSTEM "http://java.sun.com/dtd/properties.dtd">
<properties>
   <comment>Fortify Source Cross Reference Index V1.0</comment>
   <entry key="engines/e_cswift.c">src-xrefdata/814</entry>
   <entry key="crypto/evp/evp_locl.h">src-xrefdata/888</entry>
   <entry key="crypto/x509/x509_err.c">src-xrefdata/218</entry>
   <entry key="crypto/bn/bn_nist.c">src-xrefdata/365</entry>
   <entry key="ssl/d1_meth.c">src-xrefdata/183</entry>
   <entry key="crypto/uid.c">src-xrefdata/931</entry>
   <entry key="/usr/include/signal.h">src-xrefdata/64</entry>
   <entry key="ssl/ssl2.h">src-xrefdata/16</entry>
   <entry key="crypto/rc2/rc2.h">src-xrefdata/600</entry>
   <entry key="apps/pkcs7.c">src-xrefdata/262</entry>
   <entry key="test/asn1test.c">src-xrefdata/669</entry>
   <entry key="crypto/bn/bn_x931p.c">src-xrefdata/771</entry>
   <entry key="crypto/ec/ecp_nist.c">src-xrefdata/887</entry>
   <entry key="apps/dsa.c">src-xrefdata/312</entry>
   <entry key="crypto/objects/obj_err.c">src-xrefdata/675</entry>
   <entry key="crypto/mdc2/mdc2dgst.c">src-xrefdata/81</entry>
   <entry key="engines/e_atalla_err.h">src-xrefdata/506</entry>
   <entry key="crypto/sha/sha256t.c">src-xrefdata/243</entry>
   <entry key="crypto/idea/i_skey.c">src-xrefdata/195</entry>
   <entry key="crypto/engine/eng_dyn.c">src-xrefdata/229</entry>
   <entry key="apps/s_client.c">src-xrefdata/868</entry>
   <entry key="engines/e_atalla_err.c">src-xrefdata/517</entry>
   <entry key="apps/rsa.c">src-xrefdata/648</entry>
   <entry key="engines/ccgost/gost_md.c">src-xrefdata/237</entry>
   <entry key="crypto/evp/evp_acnf.c">src-xrefdata/123</entry>
   <entry key="crypto/bn/bn_gcd.c">src-xrefdata/275</entry>
   <entry key="crypto/x509v3/v3_pku.c">src-xrefdata/97</entry>
   <entry key="crypto/modes/ccm128.c">src-xrefdata/221</entry>
   <entry key="crypto/x509/x509_vpm.c">src-xrefdata/923</entry>
   <entry key="crypto/ocsp/ocsp_err.c">src-xrefdata/342</entry>
   <entry key="crypto/evp/m_wp.c">src-xrefdata/391</entry>
   <entry key="crypto/aes/aes_cfb.c">src-xrefdata/975</entry>
   <entry key="crypto/engine/eng_pkey.c">src-xrefdata/430</entry>
   <entry key="crypto/bf/bftest.c">src-xrefdata/537</entry>
   <entry key="crypto/cms/cms_cd.c">src-xrefdata/807</entry>
   <entry key="ssl/heartbeat_test.c">src-xrefdata/21</entry>
   <entry key="crypto/ec/ec.h">src-xrefdata/694</entry>
   <entry key="crypto/idea/i_cbc.c">src-xrefdata/919</entry>
   <entry key="crypto/x509v3/v3_sxnet.c">src-xrefdata/192</entry>
   <entry key="/usr/include/x86_64-linux-gnu/bits/sigset.h">src-xrefdata/197</entry>
   <entry key="/usr/include/x86_64-linux-gnu/bits/mathdef.h">src-xrefdata/1006</entry>
   <entry key="crypto/asn1/t_x509.c">src-xrefdata/303</entry>
   <entry key="apps/app_rand.c">src-xrefdata/13</entry>
   <entry key="crypto/ec/ecp_nistp256.c">src-xrefdata/958</entry>
   <entry key="crypto/cms/cms.h">src-xrefdata/17</entry>
   <entry key="crypto/pem/pem.h">src-xrefdata/881</entry>
   <entry key="crypto/x509v3/v3_conf.c">src-xrefdata/68</entry>
   <entry key="crypto/dh/dh.h">src-xrefdata/268</entry>
   <entry key="crypto/dh/dh_key.c">src-xrefdata/963</entry>
   <entry key="crypto/evp/e_des.c">src-xrefdata/8</entry>
   <entry key="crypto/pkcs7/pk7_smime.c">src-xrefdata/390</entry>
   <entry key="/usr/include/x86_64-linux-gnu/bits/sigthread.h">src-xrefdata/570</entry>
   <entry key="crypto/pem/pem2.h">src-xrefdata/816</entry>
   <entry key="crypto/asn1/a_bool.c">src-xrefdata/700</entry>
   <entry key="crypto/pkcs12/pkcs12.h">src-xrefdata/69</entry>
   <entry key="crypto/asn1/a_print.c">src-xrefdata/901</entry>
   <entry key="crypto/md5/md5_dgst.c">src-xrefdata/851</entry>
   <entry key="crypto/ec/ec_print.c">src-xrefdata/861</entry>
   <entry key="crypto/x509v3/v3_pcia.c">src-xrefdata/744</entry>
   <entry key="ssl/s23_clnt.c">src-xrefdata/36</entry>
   <entry key="crypto/dsa/dsa_vrf.c">src-xrefdata/608</entry>
   <entry key="crypto/symhacks.h">src-xrefdata/641</entry>
   <entry key="crypto/dso/dso_null.c">src-xrefdata/344</entry>
   <entry key="/usr/include/memory.h">src-xrefdata/738</entry>
   <entry key="crypto/evp/evp_pbe.c">src-xrefdata/783</entry>
   <entry key="crypto/x509/x509name.c">src-xrefdata/712</entry>
   <entry key="crypto/x509/x509_set.c">src-xrefdata/504</entry>
   <entry key="crypto/x509/x509_lu.c">src-xrefdata/986</entry>
   <entry key="apps/gendh.c">src-xrefdata/439</entry>
   <entry key="crypto/des/enc_writ.c">src-xrefdata/628</entry>
   <entry key="crypto/conf/conf_mall.c">src-xrefdata/224</entry>
   <entry key="crypto/bf/bf_ofb64.c">src-xrefdata/264</entry>
   <entry key="crypto/bn/bn.h">src-xrefdata/364</entry>
   <entry key="crypto/rand/rand_unix.c">src-xrefdata/158</entry>
   <entry key="crypto/o_init.c">src-xrefdata/278</entry>
   <entry key="crypto/asn1/x_crl.c">src-xrefdata/320</entry>
   <entry key="crypto/stack/stack.h">src-xrefdata/206</entry>
   <entry key="crypto/bn/exptest.c">src-xrefdata/415</entry>
   <entry key="crypto/evp/m_ecdsa.c">src-xrefdata/631</entry>
   <entry key="crypto/aes/aes.h">src-xrefdata/289</entry>
   <entry key="crypto/stack/stack.c">src-xrefdata/210</entry>
   <entry key="/usr/include/x86_64-linux-gnu/sys/time.h">src-xrefdata/880</entry>
   <entry key="crypto/pkcs12/p12_kiss.c">src-xrefdata/666</entry>
   <entry key="/usr/include/x86_64-linux-gnu/sys/ttydefaults.h">src-xrefdata/423</entry>
   <entry key="crypto/rc4/rc4_utl.c">src-xrefdata/597</entry>
   <entry key="crypto/bio/bss_acpt.c">src-xrefdata/317</entry>
   <entry key="crypto/ecdh/ech_kdf.c">src-xrefdata/808</entry>
   <entry key="/usr/include/x86_64-linux-gnu/bits/in.h">src-xrefdata/4</entry>
   <entry key="crypto/asn1/f_int.c">src-xrefdata/302</entry>
   <entry key="crypto/asn1/a_strnid.c">src-xrefdata/23</entry>
   <entry key="crypto/rsa/rsa_x931.c">src-xrefdata/719</entry>
   <entry key="/usr/include/netdb.h">src-xrefdata/627</entry>
   <entry key="crypto/x509v3/pcy_int.h">src-xrefdata/909</entry>
   <entry key="crypto/sha/sha1_one.c">src-xrefdata/196</entry>
   <entry key="ssl/s3_lib.c">src-xrefdata/607</entry>
   <entry key="crypto/asn1/asn1_err.c">src-xrefdata/682</entry>
   <entry key="crypto/asn1/t_crl.c">src-xrefdata/662</entry>
   <entry key="crypto/whrlpool/wp_dgst.c">src-xrefdata/334</entry>
   <entry key="ssl/s3_cbc.c">src-xrefdata/455</entry>
   <entry key="crypto/x509v3/v3_pcons.c">src-xrefdata/702</entry>
   <entry key="crypto/asn1/asn_pack.c">src-xrefdata/801</entry>
   <entry key="crypto/bn/bn_mont.c">src-xrefdata/838</entry>
   <entry key="ssl/d1_srvr.c">src-xrefdata/149</entry>
   <entry key="crypto/des/pcbc_enc.c">src-xrefdata/985</entry>
   <entry key="/usr/include/x86_64-linux-gnu/bits/signum.h">src-xrefdata/267</entry>
   <entry key="engines/vendor_defns/atalla.h">src-xrefdata/310</entry>
   <entry key="engines/vendor_defns/hwcryptohook.h">src-xrefdata/594</entry>
   <entry key="/usr/include/x86_64-linux-gnu/sys/cdefs.h">src-xrefdata/983</entry>
   <entry key="crypto/cms/cms_lcl.h">src-xrefdata/891</entry>
   <entry key="/usr/include/x86_64-linux-gnu/sys/file.h">src-xrefdata/313</entry>
   <entry key="crypto/ec/ecp_mont.c">src-xrefdata/695</entry>
   <entry key="crypto/x509/x509_obj.c">src-xrefdata/299</entry>
   <entry key="crypto/asn1/x_pkey.c">src-xrefdata/191</entry>
   <entry key="crypto/ec/ecp_smpl.c">src-xrefdata/743</entry>
   <entry key="engines/e_aep_err.h">src-xrefdata/105</entry>
   <entry key="/usr/include/rpc/netdb.h">src-xrefdata/382</entry>
   <entry key="crypto/pem/pem_xaux.c">src-xrefdata/347</entry>
   <entry key="crypto/asn1/a_bytes.c">src-xrefdata/1016</entry>
   <entry key="apps/speed.c">src-xrefdata/117</entry>
   <entry key="crypto/asn1/a_dup.c">src-xrefdata/362</entry>
   <entry key="engines/e_aep_err.c">src-xrefdata/113</entry>
   <entry key="/usr/include/x86_64-linux-gnu/bits/confname.h">src-xrefdata/379</entry>
   <entry key="ssl/tls_srp.c">src-xrefdata/966</entry>
   <entry key="crypto/evp/m_dss1.c">src-xrefdata/228</entry>
   <entry key="crypto/bio/bss_conn.c">src-xrefdata/297</entry>
   <entry key="engines/e_4758cca.c">src-xrefdata/655</entry>
   <entry key="crypto/bio/bss_mem.c">src-xrefdata/751</entry>
   <entry key="crypto/bn/bn_exp2.c">src-xrefdata/790</entry>
   <entry key="crypto/x509v3/v3_cpols.c">src-xrefdata/638</entry>
   <entry key="crypto/pkcs12/p12_utl.c">src-xrefdata/828</entry>
   <entry key="crypto/asn1/a_d2i_fp.c">src-xrefdata/674</entry>
   <entry key="ssl/ssl_txt.c">src-xrefdata/981</entry>
   <entry key="crypto/des/des_ver.h">src-xrefdata/663</entry>
   <entry key="crypto/evp/pmeth_fn.c">src-xrefdata/652</entry>
   <entry key="/usr/include/x86_64-linux-gnu/bits/sigcontext.h">src-xrefdata/318</entry>
   <entry key="crypto/ui/ui_lib.c">src-xrefdata/775</entry>
   <entry key="crypto/lhash/lh_stats.c">src-xrefdata/490</entry>
   <entry key="crypto/bn/bn_ctx.c">src-xrefdata/748</entry>
   <entry key="crypto/des/cfb64enc.c">src-xrefdata/352</entry>
   <entry key="crypto/x509v3/x509v3.h">src-xrefdata/554</entry>
   <entry key="ssl/s23_lib.c">src-xrefdata/388</entry>
   <entry key="crypto/pkcs12/p12_init.c">src-xrefdata/99</entry>
   <entry key="crypto/asn1/charmap.h">src-xrefdata/733</entry>
   <entry key="engines/ccgost/gost_pmeth.c">src-xrefdata/746</entry>
   <entry key="crypto/md5/md5_locl.h">src-xrefdata/222</entry>
   <entry key="crypto/o_time.h">src-xrefdata/96</entry>
   <entry key="crypto/mem.c">src-xrefdata/841</entry>
   <entry key="ssl/kssl.h">src-xrefdata/164</entry>
   <entry key="crypto/evp/p_seal.c">src-xrefdata/300</entry>
   <entry key="crypto/o_time.c">src-xrefdata/100</entry>
   <entry key="ssl/kssl.c">src-xrefdata/160</entry>
   <entry key="crypto/evp/bio_ok.c">src-xrefdata/879</entry>
   <entry key="crypto/rc2/rc2ofb64.c">src-xrefdata/507</entry>
   <entry key="crypto/ts/ts_verify_ctx.c">src-xrefdata/377</entry>
   <entry key="crypto/x509v3/v3_pmaps.c">src-xrefdata/984</entry>
   <entry key="crypto/engine/eng_cryptodev.c">src-xrefdata/461</entry>
   <entry key="/usr/include/limits.h">src-xrefdata/273</entry>
   <entry key="/usr/include/x86_64-linux-gnu/sys/syslog.h">src-xrefdata/246</entry>
   <entry key="apps/nseq.c">src-xrefdata/114</entry>
   <entry key="crypto/o_str.h">src-xrefdata/849</entry>
   <entry key="crypto/bio/bio_lcl.h">src-xrefdata/921</entry>
   <entry key="crypto/evp/e_bf.c">src-xrefdata/911</entry>
   <entry key="crypto/o_str.c">src-xrefdata/852</entry>
   <entry key="crypto/hmac/hm_ameth.c">src-xrefdata/154</entry>
   <entry key="crypto/engine/eng_cnf.c">src-xrefdata/193</entry>
   <entry key="/usr/include/arpa/inet.h">src-xrefdata/323</entry>
   <entry key="/usr/include/x86_64-linux-gnu/bits/select.h">src-xrefdata/799</entry>
   <entry key="apps/enc.c">src-xrefdata/573</entry>
   <entry key="/usr/include/stdint.h">src-xrefdata/38</entry>
   <entry key="/usr/include/x86_64-linux-gnu/bits/stat.h">src-xrefdata/136</entry>
   <entry key="/usr/include/x86_64-linux-gnu/bits/posix_opt.h">src-xrefdata/782</entry>
   <entry key="apps/dh.c">src-xrefdata/825</entry>
   <entry key="crypto/des/fcrypt_b.c">src-xrefdata/325</entry>
   <entry key="crypto/rsa/rsa_chk.c">src-xrefdata/754</entry>
   <entry key="crypto/modes/gcm128.c">src-xrefdata/723</entry>
   <entry key="crypto/constant_time_locl.h">src-xrefdata/724</entry>
   <entry key="ssl/dtls1.h">src-xrefdata/416</entry>
   <entry key="crypto/rsa/rsa_saos.c">src-xrefdata/350</entry>
   <entry key="crypto/dh/dh_lib.c">src-xrefdata/233</entry>
   <entry key="crypto/idea/idea_lcl.h">src-xrefdata/251</entry>
   <entry key="crypto/x509/x509spki.c">src-xrefdata/706</entry>
   <entry key="ssl/d1_srtp.c">src-xrefdata/331</entry>
   <entry key="crypto/asn1/i2d_pr.c">src-xrefdata/295</entry>
   <entry key="crypto/bio/b_print.c">src-xrefdata/86</entry>
   <entry key="crypto/bn/bn_depr.c">src-xrefdata/214</entry>
   <entry key="ssl/kssl_lcl.h">src-xrefdata/281</entry>
   <entry key="crypto/des/qud_cksm.c">src-xrefdata/516</entry>
   <entry key="crypto/asn1/x_x509.c">src-xrefdata/547</entry>
   <entry key="apps/crl.c">src-xrefdata/118</entry>
   <entry key="crypto/asn1/x_exten.c">src-xrefdata/938</entry>
   <entry key="crypto/asn1/n_pkey.c">src-xrefdata/47</entry>
   <entry key="crypto/x509v3/v3_crld.c">src-xrefdata/835</entry>
   <entry key="crypto/evp/evp.h">src-xrefdata/688</entry>
   <entry key="ssl/s3_meth.c">src-xrefdata/204</entry>
   <entry key="ssl/t1_enc.c">src-xrefdata/567</entry>
   <entry key="crypto/pkcs12/p12_decr.c">src-xrefdata/745</entry>
   <entry key="crypto/ec/ec_err.c">src-xrefdata/886</entry>
   <entry key="crypto/whrlpool/wp_locl.h">src-xrefdata/106</entry>
   <entry key="crypto/ex_data.c">src-xrefdata/54</entry>
   <entry key="crypto/evp/e_rc4_hmac_md5.c">src-xrefdata/161</entry>
   <entry key="crypto/idea/i_ofb64.c">src-xrefdata/261</entry>
   <entry key="crypto/evp/e_null.c">src-xrefdata/223</entry>
   <entry key="crypto/ec/ecp_nistputil.c">src-xrefdata/591</entry>
   <entry key="crypto/pkcs12/p12_p8e.c">src-xrefdata/588</entry>
   <entry key="crypto/pkcs12/p12_crpt.c">src-xrefdata/453</entry>
   <entry key="crypto/des/ede_cbcm_enc.c">src-xrefdata/726</entry>
   <entry key="crypto/comp/comp.h">src-xrefdata/569</entry>
   <entry key="crypto/ec/ecp_oct.c">src-xrefdata/1013</entry>
   <entry key="crypto/ecdsa/ecs_vrf.c">src-xrefdata/555</entry>
   <entry key="crypto/ecdsa/ecs_sign.c">src-xrefdata/10</entry>
   <entry key="crypto/asn1/nsseq.c">src-xrefdata/817</entry>
   <entry key="crypto/ocsp/ocsp_ht.c">src-xrefdata/39</entry>
   <entry key="crypto/objects/obj_mac.h">src-xrefdata/150</entry>
   <entry key="/usr/include/x86_64-linux-gnu/bits/ioctl-types.h">src-xrefdata/242</entry>
   <entry key="crypto/ts/ts_req_print.c">src-xrefdata/651</entry>
   <entry key="apps/apps.h">src-xrefdata/924</entry>
   <entry key="crypto/des/set_key.c">src-xrefdata/487</entry>
   <entry key="crypto/rand/md_rand.c">src-xrefdata/104</entry>
   <entry key="apps/apps.c">src-xrefdata/930</entry>
   <entry key="crypto/rsa/rsa_ameth.c">src-xrefdata/610</entry>
   <entry key="crypto/md4/md4_dgst.c">src-xrefdata/813</entry>
   <entry key="crypto/objects/obj_lib.c">src-xrefdata/635</entry>
   <entry key="crypto/pem/pem_info.c">src-xrefdata/234</entry>
   <entry key="crypto/asn1/a_verify.c">src-xrefdata/593</entry>
   <entry key="crypto/bn/bn_gf2m.c">src-xrefdata/489</entry>
   <entry key="crypto/cast/c_cfb64.c">src-xrefdata/540</entry>
   <entry key="crypto/x509v3/v3_akey.c">src-xrefdata/73</entry>
   <entry key="crypto/evp/encode.c">src-xrefdata/840</entry>
   <entry key="crypto/evp/e_cast.c">src-xrefdata/515</entry>
   <entry key="ssl/s2_enc.c">src-xrefdata/385</entry>
   <entry key="/usr/include/x86_64-linux-gnu/sys/param.h">src-xrefdata/956</entry>
   <entry key="crypto/ec/ec_asn1.c">src-xrefdata/532</entry>
   <entry key="crypto/ecdh/ecdhtest.c">src-xrefdata/19</entry>
   <entry key="crypto/ts/ts_conf.c">src-xrefdata/685</entry>
   <entry key="/usr/lib/gcc/x86_64-linux-gnu/4.7/include/stdarg.h">src-xrefdata/529</entry>
   <entry key="crypto/asn1/x_pubkey.c">src-xrefdata/22</entry>
   <entry key="/usr/lib/gcc/x86_64-linux-gnu/4.7/include/stddef.h">src-xrefdata/324</entry>
   <entry key="crypto/ocsp/ocsp_lib.c">src-xrefdata/757</entry>
   <entry key="crypto/sha/shatest.c">src-xrefdata/26</entry>
   <entry key="/usr/include/x86_64-linux-gnu/bits/errno.h">src-xrefdata/875</entry>
   <entry key="crypto/cast/casttest.c">src-xrefdata/143</entry>
   <entry key="engines/e_sureware_err.h">src-xrefdata/522</entry>
   <entry key="crypto/mem_dbg.c">src-xrefdata/156</entry>
   <entry key="engines/e_sureware_err.c">src-xrefdata/521</entry>
   <entry key="crypto/asn1/tasn_dec.c">src-xrefdata/784</entry>
   <entry key="crypto/bn/bn_exp.c">src-xrefdata/211</entry>
   <entry key="/usr/include/x86_64-linux-gnu/bits/pthreadtypes.h">src-xrefdata/918</entry>
   <entry key="engines/ccgost/gost_params.h">src-xrefdata/863</entry>
   <entry key="/usr/include/x86_64-linux-gnu/bits/termios.h">src-xrefdata/366</entry>
   <entry key="crypto/x509/vpm_int.h">src-xrefdata/933</entry>
   <entry key="crypto/bn/bn_div.c">src-xrefdata/949</entry>
   <entry key="engines/ccgost/gost_params.c">src-xrefdata/862</entry>
   <entry key="crypto/sha/sha1dgst.c">src-xrefdata/812</entry>
   <entry key="crypto/cms/cms_att.c">src-xrefdata/397</entry>
   <entry key="crypto/md4/md4test.c">src-xrefdata/557</entry>
   <entry key="crypto/aes/aes_wrap.c">src-xrefdata/587</entry>
   <entry key="/usr/include/x86_64-linux-gnu/bits/posix2_lim.h">src-xrefdata/742</entry>
   <entry key="ssl/bio_ssl.c">src-xrefdata/525</entry>
   <entry key="ssl/ssl_asn1.c">src-xrefdata/314</entry>
   <entry key="crypto/ts/ts_rsp_sign.c">src-xrefdata/778</entry>
   <entry key="crypto/ocsp/ocsp_cl.c">src-xrefdata/483</entry>
   <entry key="crypto/asn1/bio_asn1.c">src-xrefdata/348</entry>
   <entry key="crypto/ec/ec_key.c">src-xrefdata/686</entry>
   <entry key="crypto/ec/ec_pmeth.c">src-xrefdata/296</entry>
   <entry key="crypto/x509/x_all.c">src-xrefdata/440</entry>
   <entry key="crypto/asn1/a_int.c">src-xrefdata/148</entry>
   <entry key="crypto/des/enc_read.c">src-xrefdata/512</entry>
   <entry key="crypto/des/rpc_enc.c">src-xrefdata/78</entry>
   <entry key="/usr/include/x86_64-linux-gnu/bits/waitstatus.h">src-xrefdata/510</entry>
   <entry key="crypto/bio/b_dump.c">src-xrefdata/772</entry>
   <entry key="crypto/ecdh/ecdh.h">src-xrefdata/497</entry>
   <entry key="crypto/evp/p_enc.c">src-xrefdata/37</entry>
   <entry key="crypto/dh/dh_ameth.c">src-xrefdata/486</entry>
   <entry key="/usr/include/libio.h">src-xrefdata/338</entry>
   <entry key="crypto/buffer/buf_err.c">src-xrefdata/226</entry>
   <entry key="engines/e_capi.c">src-xrefdata/550</entry>
   <entry key="crypto/ui/ui_locl.h">src-xrefdata/680</entry>
   <entry key="crypto/dsa/dsa_pmeth.c">src-xrefdata/1020</entry>
   <entry key="apps/timeouts.h">src-xrefdata/441</entry>
   <entry key="crypto/x509/x509_d2.c">src-xrefdata/393</entry>
   <entry key="crypto/ecdsa/ecdsa.h">src-xrefdata/132</entry>
   <entry key="crypto/cmac/cm_pmeth.c">src-xrefdata/953</entry>
   <entry key="/usr/include/stdc-predef.h">src-xrefdata/135</entry>
   <entry key="crypto/asn1/asn1_mac.h">src-xrefdata/858</entry>
   <entry key="crypto/o_dir.h">src-xrefdata/1000</entry>
   <entry key="crypto/bn/bn_mod.c">src-xrefdata/125</entry>
   <entry key="crypto/modes/xts128.c">src-xrefdata/180</entry>
   <entry key="ssl/ssl_algs.c">src-xrefdata/747</entry>
   <entry key="crypto/o_dir.c">src-xrefdata/994</entry>
   <entry key="crypto/seed/seed_ofb.c">src-xrefdata/917</entry>
   <entry key="/usr/include/netinet/in.h">src-xrefdata/491</entry>
   <entry key="/usr/include/asm-generic/errno-base.h">src-xrefdata/957</entry>
   <entry key="ssl/s3_srvr.c">src-xrefdata/1017</entry>
   <entry key="crypto/evp/e_xcbc_d.c">src-xrefdata/960</entry>
   <entry key="crypto/asn1/asn1_lib.c">src-xrefdata/818</entry>
   <entry key="crypto/asn1/tasn_new.c">src-xrefdata/792</entry>
   <entry key="crypto/x509v3/pcy_node.c">src-xrefdata/580</entry>
   <entry key="crypto/x509v3/v3nametest.c">src-xrefdata/564</entry>
   <entry key="crypto/des/ecb3_enc.c">src-xrefdata/367</entry>
   <entry key="apps/s_server.c">src-xrefdata/647</entry>
   <entry key="/usr/lib/gcc/x86_64-linux-gnu/4.7/include-fixed/limits.h">src-xrefdata/948</entry>
   <entry key="crypto/ocsp/ocsp.h">src-xrefdata/562</entry>
   <entry key="crypto/asn1/i2d_pu.c">src-xrefdata/913</entry>
   <entry key="crypto/evp/p5_crpt2.c">src-xrefdata/103</entry>
   <entry key="crypto/bio/bss_null.c">src-xrefdata/804</entry>
   <entry key="crypto/md5/md5test.c">src-xrefdata/343</entry>
   <entry key="crypto/modes/cbc128.c">src-xrefdata/239</entry>
   <entry key="crypto/md4/md4_locl.h">src-xrefdata/30</entry>
   <entry key="crypto/dh/dhtest.c">src-xrefdata/398</entry>
   <entry key="crypto/bf/bf_locl.h">src-xrefdata/85</entry>
   <entry key="ssl/t1_meth.c">src-xrefdata/811</entry>
   <entry key="crypto/x509/x509_ext.c">src-xrefdata/306</entry>
   <entry key="crypto/x509/x509_v3.c">src-xrefdata/749</entry>
   <entry key="crypto/x509v3/v3_lib.c">src-xrefdata/434</entry>
   <entry key="crypto/aes/aes_ctr.c">src-xrefdata/381</entry>
   <entry key="crypto/pem/pem_all.c">src-xrefdata/438</entry>
   <entry key="crypto/bio/bss_bio.c">src-xrefdata/110</entry>
   <entry key="crypto/evp/e_rc4.c">src-xrefdata/67</entry>
   <entry key="apps/gendsa.c">src-xrefdata/18</entry>
   <entry key="apps/s_apps.h">src-xrefdata/753</entry>
   <entry key="crypto/opensslv.h">src-xrefdata/374</entry>
   <entry key="crypto/ts/ts_rsp_utils.c">src-xrefdata/546</entry>
   <entry key="crypto/buffer/buffer.h">src-xrefdata/473</entry>
   <entry key="crypto/camellia/cmll_ecb.c">src-xrefdata/177</entry>
   <entry key="crypto/conf/conf_mod.c">src-xrefdata/424</entry>
   <entry key="apps/genrsa.c">src-xrefdata/356</entry>
   <entry key="crypto/rsa/rsa_pss.c">src-xrefdata/417</entry>
   <entry key="crypto/buffer/buffer.c">src-xrefdata/474</entry>
   <entry key="ssl/ssl_locl.h">src-xrefdata/577</entry>
   <entry key="crypto/rc4/rc4.h">src-xrefdata/315</entry>
   <entry key="crypto/asn1/a_type.c">src-xrefdata/539</entry>
   <entry key="crypto/x509v3/v3_bcons.c">src-xrefdata/866</entry>
   <entry key="crypto/aes/aes_ofb.c">src-xrefdata/646</entry>
   <entry key="/usr/include/stdio.h">src-xrefdata/513</entry>
   <entry key="apps/engine.c">src-xrefdata/716</entry>
   <entry key="crypto/x509v3/pcy_map.c">src-xrefdata/298</entry>
   <entry key="crypto/pkcs12/p12_npas.c">src-xrefdata/752</entry>
   <entry key="crypto/ocsp/ocsp_ext.c">src-xrefdata/386</entry>
   <entry key="crypto/modes/cfb128.c">src-xrefdata/997</entry>
   <entry key="/usr/include/x86_64-linux-gnu/sys/types.h">src-xrefdata/501</entry>
   <entry key="crypto/x509v3/v3_extku.c">src-xrefdata/329</entry>
   <entry key="crypto/asn1/tasn_prn.c">src-xrefdata/845</entry>
   <entry key="crypto/pkcs7/pk7_doit.c">src-xrefdata/944</entry>
   <entry key="/usr/include/x86_64-linux-gnu/sys/select.h">src-xrefdata/80</entry>
   <entry key="/usr/include/x86_64-linux-gnu/sys/uio.h">src-xrefdata/705</entry>
   <entry key="crypto/objects/obj_dat.h">src-xrefdata/939</entry>
   <entry key="/usr/include/assert.h">src-xrefdata/207</entry>
   <entry key="/usr/include/x86_64-linux-gnu/bits/endian.h">src-xrefdata/639</entry>
   <entry key="crypto/engine/tb_dsa.c">src-xrefdata/488</entry>
   <entry key="crypto/engine/tb_dh.c">src-xrefdata/346</entry>
   <entry key="crypto/objects/obj_dat.c">src-xrefdata/988</entry>
   <entry key="/usr/include/errno.h">src-xrefdata/657</entry>
   <entry key="crypto/evp/m_sigver.c">src-xrefdata/353</entry>
   <entry key="/usr/include/x86_64-linux-gnu/bits/huge_val.h">src-xrefdata/182</entry>
   <entry key="crypto/dh/dh_kdf.c">src-xrefdata/737</entry>
   <entry key="test/testutil.h">src-xrefdata/926</entry>
   <entry key="crypto/engine/tb_rsa.c">src-xrefdata/470</entry>
   <entry key="crypto/evp/p5_crpt.c">src-xrefdata/265</entry>
   <entry key="/usr/include/x86_64-linux-gnu/bits/typesizes.h">src-xrefdata/572</entry>
   <entry key="crypto/evp/bio_md.c">src-xrefdata/527</entry>
   <entry key="crypto/LPdir_unix.c">src-xrefdata/903</entry>
   <entry key="crypto/bn/bn_kron.c">src-xrefdata/405</entry>
   <entry key="crypto/evp/c_alld.c">src-xrefdata/618</entry>
   <entry key="ssl/ssl_rsa.c">src-xrefdata/65</entry>
   <entry key="crypto/pkcs12/p12_crt.c">src-xrefdata/611</entry>
   <entry key="ssl/t1_lib.c">src-xrefdata/534</entry>
   <entry key="crypto/srp/srptest.c">src-xrefdata/927</entry>
   <entry key="crypto/pkcs12/p12_attr.c">src-xrefdata/878</entry>
   <entry key="crypto/evp/m_md4.c">src-xrefdata/582</entry>
   <entry key="crypto/bio/bf_null.c">src-xrefdata/630</entry>
   <entry key="crypto/rand/rand_err.c">src-xrefdata/996</entry>
   <entry key="crypto/bn/bn_word.c">src-xrefdata/543</entry>
   <entry key="/usr/include/x86_64-linux-gnu/bits/socket.h">src-xrefdata/649</entry>
   <entry key="/usr/include/x86_64-linux-gnu/bits/fcntl-linux.h">src-xrefdata/892</entry>
   <entry key="crypto/ec/ectest.c">src-xrefdata/198</entry>
   <entry key="/usr/include/asm-generic/param.h">src-xrefdata/844</entry>
   <entry key="crypto/pkcs12/p12_add.c">src-xrefdata/88</entry>
   <entry key="crypto/engine/tb_rand.c">src-xrefdata/925</entry>
   <entry key="ssl/ssl_utst.c">src-xrefdata/1004</entry>
   <entry key="crypto/ec/eck_prn.c">src-xrefdata/563</entry>
   <entry key="ssl/tls1.h">src-xrefdata/934</entry>
   <entry key="engines/ccgost/gost_sign.c">src-xrefdata/27</entry>
   <entry key="crypto/ui/ui_openssl.c">src-xrefdata/728</entry>
   <entry key="crypto/hmac/hmac.h">src-xrefdata/832</entry>
   <entry key="crypto/bn/asm/x86_64-gcc.c">src-xrefdata/1023</entry>
   <entry key="crypto/srp/srp_lib.c">src-xrefdata/559</entry>
   <entry key="crypto/dso/dso_err.c">src-xrefdata/1022</entry>
   <entry key="crypto/hmac/hmac.c">src-xrefdata/842</entry>
   <entry key="crypto/krb5/krb5_asn.h">src-xrefdata/181</entry>
   <entry key="ssl/t1_trce.c">src-xrefdata/371</entry>
   <entry key="crypto/dsa/dsa_depr.c">src-xrefdata/407</entry>
   <entry key="crypto/ts/ts_rsp_verify.c">src-xrefdata/526</entry>
   <entry key="crypto/krb5/krb5_asn.c">src-xrefdata/178</entry>
   <entry key="crypto/ec/ec_lib.c">src-xrefdata/520</entry>
   <entry key="crypto/camellia/cmll_cfb.c">src-xrefdata/52</entry>
   <entry key="crypto/asn1/asn_mime.c">src-xrefdata/167</entry>
   <entry key="apps/ciphers.c">src-xrefdata/91</entry>
   <entry key="crypto/bio/bss_fd.c">src-xrefdata/112</entry>
   <entry key="crypto/objects/objects.h">src-xrefdata/305</entry>
   <entry key="crypto/objects/o_names.c">src-xrefdata/479</entry>
   <entry key="crypto/x509v3/pcy_data.c">src-xrefdata/127</entry>
   <entry key="crypto/pkcs12/p12_key.c">src-xrefdata/284</entry>
   <entry key="ssl/ssl3.h">src-xrefdata/544</entry>
   <entry key="ssl/s2_lib.c">src-xrefdata/683</entry>
   <entry key="apps/pkcs8.c">src-xrefdata/773</entry>
   <entry key="crypto/evp/names.c">src-xrefdata/912</entry>
   <entry key="crypto/engine/eng_list.c">src-xrefdata/691</entry>
   <entry key="/usr/include/x86_64-linux-gnu/bits/posix1_lim.h">src-xrefdata/710</entry>
   <entry key="crypto/asn1/tasn_fre.c">src-xrefdata/341</entry>
   <entry key="crypto/x509v3/ext_dat.h">src-xrefdata/699</entry>
   <entry key="crypto/bn/bn_const.c">src-xrefdata/448</entry>
   <entry key="crypto/x509/x509.h">src-xrefdata/339</entry>
   <entry key="apps/progs.h">src-xrefdata/692</entry>
   <entry key="crypto/sha/sha_one.c">src-xrefdata/626</entry>
   <entry key="crypto/asn1/x_nx509.c">src-xrefdata/253</entry>
   <entry key="crypto/ui/ui_util.c">src-xrefdata/650</entry>
   <entry key="apps/smime.c">src-xrefdata/484</entry>
   <entry key="apps/srp.c">src-xrefdata/494</entry>
   <entry key="ssl/t1_srvr.c">src-xrefdata/290</entry>
   <entry key="apps/dgst.c">src-xrefdata/445</entry>
   <entry key="apps/errstr.c">src-xrefdata/288</entry>
   <entry key="crypto/asn1/a_digest.c">src-xrefdata/472</entry>
   <entry key="engines/e_nuron_err.h">src-xrefdata/965</entry>
   <entry key="crypto/ripemd/ripemd.h">src-xrefdata/403</entry>
   <entry key="crypto/pkcs7/pk7_asn1.c">src-xrefdata/425</entry>
   <entry key="crypto/ripemd/rmdtest.c">src-xrefdata/740</entry>
   <entry key="engines/e_nuron_err.c">src-xrefdata/970</entry>
   <entry key="crypto/x509/x509cset.c">src-xrefdata/340</entry>
   <entry key="crypto/x509v3/pcy_cache.c">src-xrefdata/590</entry>
   <entry key="crypto/comp/c_zlib.c">src-xrefdata/401</entry>
   <entry key="crypto/md4/md4_one.c">src-xrefdata/972</entry>
   <entry key="/usr/include/x86_64-linux-gnu/bits/waitflags.h">src-xrefdata/947</entry>
   <entry key="crypto/dh/dh_prn.c">src-xrefdata/821</entry>
   <entry key="crypto/evp/e_idea.c">src-xrefdata/337</entry>
   <entry key="crypto/rsa/rsa_err.c">src-xrefdata/797</entry>
   <entry key="crypto/seed/seed_locl.h">src-xrefdata/432</entry>
   <entry key="/usr/include/x86_64-linux-gnu/bits/ioctls.h">src-xrefdata/61</entry>
   <entry key="crypto/modes/modes.h">src-xrefdata/205</entry>
   <entry key="crypto/cast/cast_lcl.h">src-xrefdata/671</entry>
   <entry key="/usr/include/x86_64-linux-gnu/bits/dirent.h">src-xrefdata/973</entry>
   <entry key="crypto/rsa/rsa_sign.c">src-xrefdata/32</entry>
   <entry key="/usr/include/asm-generic/sockios.h">src-xrefdata/354</entry>
   <entry key="/usr/include/x86_64-linux-gnu/sys/stat.h">src-xrefdata/480</entry>
   <entry key="crypto/asn1/x_bignum.c">src-xrefdata/389</entry>
   <entry key="crypto/bn/bn_err.c">src-xrefdata/3</entry>
   <entry key="crypto/ripemd/rmdconst.h">src-xrefdata/850</entry>
   <entry key="crypto/asn1/x_info.c">src-xrefdata/915</entry>
   <entry key="crypto/evp/e_des3.c">src-xrefdata/756</entry>
   <entry key="crypto/cast/c_ofb64.c">src-xrefdata/974</entry>
   <entry key="crypto/evp/p_lib.c">src-xrefdata/159</entry>
   <entry key="crypto/rsa/rsa_test.c">src-xrefdata/421</entry>
   <entry key="crypto/x509v3/v3_purp.c">src-xrefdata/345</entry>
   <entry key="apps/ocsp.c">src-xrefdata/42</entry>
   <entry key="crypto/ui/ui_compat.h">src-xrefdata/316</entry>
   <entry key="crypto/sha/sha256.c">src-xrefdata/707</entry>
   <entry key="ssl/s3_pkt.c">src-xrefdata/129</entry>
   <entry key="crypto/ui/ui_compat.c">src-xrefdata/321</entry>
   <entry key="crypto/dsa/dsa_sign.c">src-xrefdata/605</entry>
   <entry key="crypto/dh/dh_check.c">src-xrefdata/327</entry>
   <entry key="crypto/evp/m_mdc2.c">src-xrefdata/179</entry>
   <entry key="engines/vendor_defns/cswift.h">src-xrefdata/433</entry>
   <entry key="crypto/bio/bss_log.c">src-xrefdata/485</entry>
   <entry key="/usr/include/x86_64-linux-gnu/sys/un.h">src-xrefdata/176</entry>
   <entry key="apps/s_socket.c">src-xrefdata/893</entry>
   <entry key="engines/ccgost/gost94_keyx.c">src-xrefdata/533</entry>
   <entry key="crypto/des/ncbc_enc.c">src-xrefdata/335</entry>
   <entry key="crypto/dh/dh_depr.c">src-xrefdata/307</entry>
   <entry key="ssl/ssl_sess.c">src-xrefdata/762</entry>
   <entry key="crypto/engine/eng_openssl.c">src-xrefdata/583</entry>
   <entry key="crypto/buffer/buf_str.c">src-xrefdata/629</entry>
   <entry key="crypto/bio/bss_dgram.c">src-xrefdata/928</entry>
   <entry key="apps/pkey.c">src-xrefdata/595</entry>
   <entry key="crypto/bf/bf_pi.h">src-xrefdata/798</entry>
   <entry key="crypto/x509/x509_def.c">src-xrefdata/126</entry>
   <entry key="crypto/asn1/x_attrib.c">src-xrefdata/311</entry>
   <entry key="apps/s_time.c">src-xrefdata/94</entry>
   <entry key="crypto/evp/evp_err.c">src-xrefdata/990</entry>
   <entry key="crypto/dsa/dsa_err.c">src-xrefdata/601</entry>
   <entry key="/usr/include/endian.h">src-xrefdata/518</entry>
   <entry key="ssl/t1_ext.c">src-xrefdata/173</entry>
   <entry key="crypto/engine/enginetest.c">src-xrefdata/750</entry>
   <entry key="ssl/ssl_err.c">src-xrefdata/375</entry>
   <entry key="crypto/ec/ecp_nistp521.c">src-xrefdata/642</entry>
   <entry key="crypto/ocsp/ocsp_prn.c">src-xrefdata/465</entry>
   <entry key="engines/ccgost/gosthash.h">src-xrefdata/565</entry>
   <entry key="crypto/conf/conf_err.c">src-xrefdata/860</entry>
   <entry key="crypto/bn/bn_add.c">src-xrefdata/402</entry>
   <entry key="crypto/md5/md5_one.c">src-xrefdata/971</entry>
   <entry key="apps/pkeyparam.c">src-xrefdata/606</entry>
   <entry key="engines/ccgost/gosthash.c">src-xrefdata/571</entry>
   <entry key="crypto/x509v3/pcy_lib.c">src-xrefdata/217</entry>
   <entry key="crypto/sha/sha512t.c">src-xrefdata/898</entry>
   <entry key="crypto/evp/evp_enc.c">src-xrefdata/481</entry>
   <entry key="ssl/s23_pkt.c">src-xrefdata/989</entry>
   <entry key="crypto/conf/conf_api.h">src-xrefdata/976</entry>
   <entry key="engines/ccgost/gost2001_keyx.c">src-xrefdata/422</entry>
   <entry key="engines/ccgost/gost_ctl.c">src-xrefdata/56</entry>
   <entry key="crypto/conf/conf_api.c">src-xrefdata/979</entry>
   <entry key="ssl/s23_meth.c">src-xrefdata/870</entry>
   <entry key="crypto/rsa/rsa_null.c">src-xrefdata/551</entry>
   <entry key="crypto/cms/cms_kari.c">src-xrefdata/247</entry>
   <entry key="apps/rsautl.c">src-xrefdata/169</entry>
   <entry key="crypto/asn1/a_octet.c">src-xrefdata/602</entry>
   <entry key="crypto/des/spr.h">src-xrefdata/412</entry>
   <entry key="crypto/x509v3/v3_ocsp.c">src-xrefdata/232</entry>
   <entry key="/usr/include/x86_64-linux-gnu/bits/byteswap-16.h">src-xrefdata/935</entry>
   <entry key="crypto/x509v3/v3_addr.c">src-xrefdata/578</entry>
   <entry key="crypto/dh/dh_gen.c">src-xrefdata/378</entry>
   <entry key="ssl/ssl.h">src-xrefdata/482</entry>
   <entry key="crypto/sha/sha.h">src-xrefdata/282</entry>
   <entry key="engines/e_padlock.c">src-xrefdata/408</entry>
   <entry key="crypto/engine/eng_all.c">src-xrefdata/57</entry>
   <entry key="crypto/des/cbc_enc.c">src-xrefdata/805</entry>
   <entry key="crypto/asn1/a_set.c">src-xrefdata/496</entry>
   <entry key="crypto/x509/x509_att.c">src-xrefdata/914</entry>
   <entry key="/usr/include/x86_64-linux-gnu/bits/uio.h">src-xrefdata/848</entry>
   <entry key="crypto/stack/safestack.h">src-xrefdata/696</entry>
   <entry key="e_os2.h">src-xrefdata/731</entry>
   <entry key="crypto/modes/ctr128.c">src-xrefdata/6</entry>
   <entry key="crypto/rsa/rsa_depr.c">src-xrefdata/332</entry>
   <entry key="crypto/cms/cms_sd.c">src-xrefdata/959</entry>
   <entry key="ssl/s2_meth.c">src-xrefdata/492</entry>
   <entry key="crypto/asn1/bio_ndef.c">src-xrefdata/871</entry>
   <entry key="crypto/pem/pem_sign.c">src-xrefdata/899</entry>
   <entry key="crypto/bio/bf_buff.c">src-xrefdata/895</entry>
   <entry key="/usr/include/linux/param.h">src-xrefdata/1021</entry>
   <entry key="crypto/evp/e_old.c">src-xrefdata/71</entry>
   <entry key="crypto/ec/ecp_nistp224.c">src-xrefdata/826</entry>
   <entry key="crypto/engine/tb_ecdh.c">src-xrefdata/384</entry>
   <entry key="crypto/asn1/f_string.c">src-xrefdata/446</entry>
   <entry key="apps/spkac.c">src-xrefdata/739</entry>
   <entry key="/usr/include/string.h">src-xrefdata/793</entry>
   <entry key="crypto/x509v3/v3_akeya.c">src-xrefdata/575</entry>
   <entry key="/usr/include/x86_64-linux-gnu/bits/sigstack.h">src-xrefdata/202</entry>
   <entry key="apps/x509.c">src-xrefdata/964</entry>
   <entry key="crypto/evp/evp_key.c">src-xrefdata/185</entry>
   <entry key="crypto/asn1/t_bitst.c">src-xrefdata/859</entry>
   <entry key="crypto/srp/srp_grps.h">src-xrefdata/413</entry>
   <entry key="crypto/dsa/dsa_key.c">src-xrefdata/241</entry>
   <entry key="ssl/ssl_stat.c">src-xrefdata/827</entry>
   <entry key="crypto/evp/bio_enc.c">src-xrefdata/950</entry>
   <entry key="crypto/ocsp/ocsp_srv.c">src-xrefdata/1011</entry>
   <entry key="apps/rand.c">src-xrefdata/199</entry>
   <entry key="/usr/include/x86_64-linux-gnu/sys/socket.h">src-xrefdata/231</entry>
   <entry key="crypto/pem/pem_err.c">src-xrefdata/258</entry>
   <entry key="crypto/engine/tb_ecdsa.c">src-xrefdata/908</entry>
   <entry key="crypto/engine/eng_int.h">src-xrefdata/449</entry>
   <entry key="crypto/ecdsa/ecs_asn1.c">src-xrefdata/854</entry>
   <entry key="crypto/x509v3/v3_ncons.c">src-xrefdata/846</entry>
   <entry key="crypto/des/des_old.h">src-xrefdata/293</entry>
   <entry key="/usr/include/stdlib.h">src-xrefdata/877</entry>
   <entry key="crypto/asn1/p5_pbe.c">src-xrefdata/509</entry>
   <entry key="crypto/sha/sha_dgst.c">src-xrefdata/904</entry>
   <entry key="crypto/des/des_old.c">src-xrefdata/294</entry>
   <entry key="/usr/include/math.h">src-xrefdata/701</entry>
   <entry key="/usr/include/dirent.h">src-xrefdata/556</entry>
   <entry key="crypto/bn/bn_rand.c">src-xrefdata/624</entry>
   <entry key="crypto/asn1/a_sign.c">src-xrefdata/227</entry>
   <entry key="crypto/des/rpc_des.h">src-xrefdata/46</entry>
   <entry key="crypto/rand/rand_lib.c">src-xrefdata/248</entry>
   <entry key="crypto/ec/ec2_oct.c">src-xrefdata/116</entry>
   <entry key="crypto/x509v3/v3_prn.c">src-xrefdata/987</entry>
   <entry key="crypto/asn1/x_x509a.c">src-xrefdata/882</entry>
   <entry key="engines/e_nuron.c">src-xrefdata/175</entry>
   <entry key="apps/crl2p7.c">src-xrefdata/468</entry>
   <entry key="crypto/seed/seed.h">src-xrefdata/279</entry>
   <entry key="crypto/engine/eng_table.c">src-xrefdata/406</entry>
   <entry key="crypto/srp/srp_lcl.h">src-xrefdata/523</entry>
   <entry key="crypto/pem/pem_oth.c">src-xrefdata/256</entry>
   <entry key="crypto/asn1/tasn_utl.c">src-xrefdata/43</entry>
   <entry key="crypto/asn1/a_object.c">src-xrefdata/171</entry>
   <entry key="crypto/seed/seed.c">src-xrefdata/276</entry>
   <entry key="crypto/evp/e_rc2.c">src-xrefdata/189</entry>
   <entry key="crypto/x509v3/v3_scts.c">src-xrefdata/524</entry>
   <entry key="crypto/ec/ec_lcl.h">src-xrefdata/7</entry>
   <entry key="engines/vendor_defns/hw_4758_cca.h">src-xrefdata/961</entry>
   <entry key="crypto/mdc2/mdc2.h">src-xrefdata/664</entry>
   <entry key="crypto/dso/dso_lib.c">src-xrefdata/822</entry>
   <entry key="/usr/include/features.h">src-xrefdata/40</entry>
   <entry key="apps/prime.c">src-xrefdata/684</entry>
   <entry key="crypto/asn1/p8_pkey.c">src-xrefdata/134</entry>
   <entry key="/usr/lib/gcc/x86_64-linux-gnu/4.7/include/stdint.h">src-xrefdata/612</entry>
   <entry key="ssl/d1_clnt.c">src-xrefdata/713</entry>
   <entry key="crypto/evp/p_dec.c">src-xrefdata/351</entry>
   <entry key="engines/vendor_defns/hw_ubsec.h">src-xrefdata/872</entry>
   <entry key="ssl/srtp.h">src-xrefdata/910</entry>
   <entry key="crypto/des/xcbc_enc.c">src-xrefdata/108</entry>
   <entry key="crypto/x509/x509_cmp.c">src-xrefdata/519</entry>
   <entry key="crypto/evp/m_dss.c">src-xrefdata/215</entry>
   <entry key="crypto/x509/x509_req.c">src-xrefdata/269</entry>
   <entry key="crypto/ripemd/rmd_one.c">src-xrefdata/829</entry>
   <entry key="crypto/des/read2pwd.c">src-xrefdata/791</entry>
   <entry key="crypto/rc2/rc2_ecb.c">src-xrefdata/967</entry>
   <entry key="ssl/t1_reneg.c">src-xrefdata/615</entry>
   <entry key="crypto/dso/dso_openssl.c">src-xrefdata/458</entry>
   <entry key="crypto/ec/ec_cvt.c">src-xrefdata/781</entry>
   <entry key="crypto/x509v3/v3_asid.c">src-xrefdata/661</entry>
   <entry key="/usr/include/x86_64-linux-gnu/bits/stdio_lim.h">src-xrefdata/780</entry>
   <entry key="crypto/asn1/t_spki.c">src-xrefdata/257</entry>
   <entry key="crypto/asn1/x_sig.c">src-xrefdata/689</entry>
   <entry key="crypto/x509/x509_vfy.h">src-xrefdata/1007</entry>
   <entry key="crypto/ec/ec_curve.c">src-xrefdata/359</entry>
   <entry key="crypto/modes/cts128.c">src-xrefdata/308</entry>
   <entry key="engines/e_4758cca_err.h">src-xrefdata/236</entry>
   <entry key="crypto/evp/evp_test.c">src-xrefdata/528</entry>
   <entry key="crypto/x509/x509_vfy.c">src-xrefdata/1010</entry>
   <entry key="ssl/ssl_ciph.c">src-xrefdata/732</entry>
   <entry key="crypto/srp/srp.h">src-xrefdata/824</entry>
   <entry key="crypto/camellia/cmll_locl.h">src-xrefdata/287</entry>
   <entry key="engines/e_4758cca_err.c">src-xrefdata/249</entry>
   <entry key="crypto/des/ofb64ede.c">src-xrefdata/620</entry>
   <entry key="crypto/rand/rand_os2.c">src-xrefdata/945</entry>
   <entry key="crypto/dso/dso_dlfcn.c">src-xrefdata/668</entry>
   <entry key="/usr/include/x86_64-linux-gnu/bits/sockaddr.h">src-xrefdata/681</entry>
   <entry key="crypto/asn1/x_req.c">src-xrefdata/301</entry>
   <entry key="engines/e_ubsec.c">src-xrefdata/304</entry>
   <entry key="crypto/ecdsa/ecs_err.c">src-xrefdata/617</entry>
   <entry key="ssl/s2_srvr.c">src-xrefdata/12</entry>
   <entry key="crypto/evp/m_md2.c">src-xrefdata/584</entry>
   <entry key="crypto/rsa/rsa_lib.c">src-xrefdata/92</entry>
   <entry key="crypto/engine/tb_pkmeth.c">src-xrefdata/72</entry>
   <entry key="crypto/rand/rand_egd.c">src-xrefdata/722</entry>
   <entry key="crypto/ecdsa/ecs_locl.h">src-xrefdata/495</entry>
   <entry key="crypto/asn1/asn1_gen.c">src-xrefdata/41</entry>
   <entry key="crypto/des/str2key.c">src-xrefdata/450</entry>
   <entry key="crypto/evp/e_camellia.c">src-xrefdata/51</entry>
   <entry key="crypto/ui/ui.h">src-xrefdata/853</entry>
   <entry key="crypto/bn/bn_lib.c">src-xrefdata/999</entry>
   <entry key="crypto/asn1/x_name.c">src-xrefdata/79</entry>
   <entry key="crypto/ec/ec_ameth.c">src-xrefdata/188</entry>
   <entry key="crypto/ocsp/ocsp_vfy.c">src-xrefdata/477</entry>
   <entry key="crypto/x509v3/pcy_tree.c">src-xrefdata/53</entry>
   <entry key="crypto/pkcs7/pkcs7.h">src-xrefdata/621</entry>
   <entry key="apps/verify.c">src-xrefdata/677</entry>
   <entry key="crypto/x509v3/v3_enum.c">src-xrefdata/435</entry>
   <entry key="crypto/asn1/a_mbstr.c">src-xrefdata/184</entry>
   <entry key="ssl/d1_both.c">src-xrefdata/254</entry>
   <entry key="crypto/des/ofb_enc.c">src-xrefdata/120</entry>
   <entry key="crypto/pkcs7/pk7_attr.c">src-xrefdata/636</entry>
   <entry key="crypto/rc2/rc2test.c">src-xrefdata/795</entry>
   <entry key="crypto/evp/m_null.c">src-xrefdata/11</entry>
   <entry key="crypto/x509/by_file.c">src-xrefdata/146</entry>
   <entry key="crypto/cms/cms_dd.c">src-xrefdata/291</entry>
   <entry key="crypto/lhash/lhash.h">src-xrefdata/622</entry>
   <entry key="crypto/ec/ec_oct.c">src-xrefdata/660</entry>
   <entry key="crypto/err/err_prn.c">src-xrefdata/777</entry>
   <entry key="crypto/asn1/t_req.c">src-xrefdata/469</entry>
   <entry key="/usr/include/wchar.h">src-xrefdata/873</entry>
   <entry key="crypto/bio/b_sock.c">src-xrefdata/77</entry>
   <entry key="crypto/dsa/dsa_asn1.c">src-xrefdata/977</entry>
   <entry key="crypto/lhash/lhash.c">src-xrefdata/625</entry>
   <entry key="crypto/bn/bn_shift.c">src-xrefdata/230</entry>
   <entry key="crypto/sha/sha_locl.h">src-xrefdata/95</entry>
   <entry key="/usr/include/x86_64-linux-gnu/bits/poll.h">src-xrefdata/44</entry>
   <entry key="ssl/d1_lib.c">src-xrefdata/404</entry>
   <entry key="crypto/pem/pem_pk8.c">src-xrefdata/285</entry>
   <entry key="crypto/engine/tb_store.c">src-xrefdata/75</entry>
   <entry key="crypto/dsa/dsatest.c">src-xrefdata/968</entry>
   <entry key="crypto/objects/obj_xref.h">src-xrefdata/84</entry>
   <entry key="engines/ccgost/gost_lcl.h">src-xrefdata/24</entry>
   <entry key="/usr/include/x86_64-linux-gnu/bits/huge_valf.h">src-xrefdata/697</entry>
   <entry key="crypto/evp/e_aes_cbc_hmac_sha256.c">src-xrefdata/741</entry>
   <entry key="ssl/ssltest.c">src-xrefdata/883</entry>
   <entry key="crypto/objects/obj_xref.c">src-xrefdata/83</entry>
   <entry key="/usr/lib/gcc/x86_64-linux-gnu/4.7/include-fixed/syslimits.h">src-xrefdata/93</entry>
   <entry key="crypto/whrlpool/whrlpool.h">src-xrefdata/270</entry>
   <entry key="crypto/hmac/hm_pmeth.c">src-xrefdata/819</entry>
   <entry key="apps/s_cb.c">src-xrefdata/703</entry>
   <entry key="crypto/asn1/d2i_pr.c">src-xrefdata/511</entry>
   <entry key="crypto/md32_common.h">src-xrefdata/833</entry>
   <entry key="crypto/ts/ts_req_utils.c">src-xrefdata/830</entry>
   <entry key="crypto/sha/sha512.c">src-xrefdata/869</entry>
   <entry key="/usr/include/_G_config.h">src-xrefdata/418</entry>
   <entry key="crypto/camellia/cmll_misc.c">src-xrefdata/272</entry>
   <entry key="crypto/evp/evp_lib.c">src-xrefdata/678</entry>
   <entry key="crypto/camellia/cmll_ctr.c">src-xrefdata/929</entry>
   <entry key="crypto/rc2/rc2_cbc.c">src-xrefdata/209</entry>
   <entry key="crypto/dsa/dsa_lib.c">src-xrefdata/456</entry>
   <entry key="crypto/ts/ts_asn1.c">src-xrefdata/531</entry>
   <entry key="crypto/asn1/tasn_typ.c">src-xrefdata/245</entry>
   <entry key="ssl/ssl_lib.c">src-xrefdata/721</entry>
   <entry key="/usr/include/x86_64-linux-gnu/bits/wchar.h">src-xrefdata/809</entry>
   <entry key="crypto/x509v3/v3err.c">src-xrefdata/820</entry>
   <entry key="engines/ccgost/gost_ameth.c">src-xrefdata/673</entry>
   <entry key="crypto/asn1/a_i2d_fp.c">src-xrefdata/452</entry>
   <entry key="crypto/conf/conf_lib.c">src-xrefdata/727</entry>
   <entry key="crypto/modes/modes_lcl.h">src-xrefdata/87</entry>
   <entry key="crypto/opensslconf.h">src-xrefdata/656</entry>
   <entry key="crypto/comp/comp_err.c">src-xrefdata/865</entry>
   <entry key="crypto/conf/conf_sap.c">src-xrefdata/1003</entry>
   <entry key="crypto/asn1/asn1t.h">src-xrefdata/676</entry>
   <entry key="crypto/cryptlib.h">src-xrefdata/216</entry>
   <entry key="crypto/pem/pvkfmt.c">src-xrefdata/131</entry>
   <entry key="crypto/pkcs12/p12_mutl.c">src-xrefdata/708</entry>
   <entry key="crypto/x509v3/v3_ia5.c">src-xrefdata/145</entry>
   <entry key="crypto/cryptlib.c">src-xrefdata/213</entry>
   <entry key="crypto/x509/x509_txt.c">src-xrefdata/429</entry>
   <entry key="apps/openssl.c">src-xrefdata/9</entry>
   <entry key="crypto/camellia/cmll_ofb.c">src-xrefdata/336</entry>
   <entry key="apps/sess_id.c">src-xrefdata/552</entry>
   <entry key="apps/genpkey.c">src-xrefdata/240</entry>
   <entry key="/usr/include/linux/limits.h">src-xrefdata/250</entry>
   <entry key="crypto/engine/engine.h">src-xrefdata/373</entry>
   <entry key="crypto/bf/bf_skey.c">src-xrefdata/271</entry>
   <entry key="e_os.h">src-xrefdata/978</entry>
   <entry key="crypto/rand/randtest.c">src-xrefdata/693</entry>
   <entry key="crypto/dso/dso_beos.c">src-xrefdata/133</entry>
   <entry key="crypto/evp/e_rc5.c">src-xrefdata/535</entry>
   <entry key="apps/version.c">src-xrefdata/774</entry>
   <entry key="crypto/des/des_locl.h">src-xrefdata/687</entry>
   <entry key="crypto/bio/bss_file.c">src-xrefdata/283</entry>
   <entry key="/usr/include/x86_64-linux-gnu/sys/sysmacros.h">src-xrefdata/943</entry>
   <entry key="crypto/ecdsa/ecdsatest.c">src-xrefdata/162</entry>
   <entry key="crypto/bn/bn_blind.c">src-xrefdata/1014</entry>
   <entry key="crypto/evp/p_verify.c">src-xrefdata/1015</entry>
   <entry key="crypto/rand/rand.h">src-xrefdata/502</entry>
   <entry key="crypto/rsa/rsa_pmeth.c">src-xrefdata/889</entry>
   <entry key="/usr/include/x86_64-linux-gnu/bits/environments.h">src-xrefdata/447</entry>
   <entry key="crypto/asn1/a_gentm.c">src-xrefdata/568</entry>
   <entry key="crypto/ocsp/ocsp_asn.c">src-xrefdata/796</entry>
   <entry key="test/igetest.c">src-xrefdata/632</entry>
   <entry key="apps/ecparam.c">src-xrefdata/856</entry>
   <entry key="crypto/evp/m_sha.c">src-xrefdata/604</entry>
   <entry key="crypto/mdc2/mdc2test.c">src-xrefdata/436</entry>
   <entry key="crypto/ts/ts_err.c">src-xrefdata/725</entry>
   <entry key="crypto/cms/cms_io.c">src-xrefdata/916</entry>
   <entry key="/usr/include/x86_64-linux-gnu/sys/ucontext.h">src-xrefdata/357</entry>
   <entry key="crypto/cast/cast_s.h">src-xrefdata/894</entry>
   <entry key="/usr/include/x86_64-linux-gnu/bits/syslog-path.h">src-xrefdata/670</entry>
   <entry key="crypto/cms/cms_ess.c">src-xrefdata/704</entry>
   <entry key="crypto/dso/dso_dl.c">src-xrefdata/658</entry>
   <entry key="crypto/dh/dh_asn1.c">src-xrefdata/922</entry>
   <entry key="crypto/dsa/dsa_locl.h">src-xrefdata/152</entry>
   <entry key="/usr/include/unistd.h">src-xrefdata/58</entry>
   <entry key="engines/ccgost/gost89.h">src-xrefdata/157</entry>
   <entry key="engines/ccgost/gost_asn1.c">src-xrefdata/428</entry>
   <entry key="crypto/asn1/evp_asn1.c">src-xrefdata/437</entry>
   <entry key="crypto/bn/bn_sqrt.c">src-xrefdata/280</entry>
   <entry key="crypto/cversion.c">src-xrefdata/309</entry>
   <entry key="engines/ccgost/gost89.c">src-xrefdata/165</entry>
   <entry key="/usr/include/x86_64-linux-gnu/sys/ioctl.h">src-xrefdata/74</entry>
   <entry key="test/dummytest.c">src-xrefdata/142</entry>
   <entry key="apps/req.c">src-xrefdata/478</entry>
   <entry key="crypto/ecdh/ech_err.c">src-xrefdata/736</entry>
   <entry key="/usr/include/x86_64-linux-gnu/bits/local_lim.h">src-xrefdata/319</entry>
   <entry key="crypto/x509/x509rset.c">src-xrefdata/25</entry>
   <entry key="/usr/include/asm-generic/socket.h">src-xrefdata/500</entry>
   <entry key="crypto/rc2/rc2_locl.h">src-xrefdata/932</entry>
   <entry key="crypto/evp/bio_b64.c">src-xrefdata/718</entry>
   <entry key="crypto/md4/md4.h">src-xrefdata/823</entry>
   <entry key="crypto/hmac/hmactest.c">src-xrefdata/810</entry>
   <entry key="crypto/pem/pem_lib.c">src-xrefdata/444</entry>
   <entry key="crypto/evp/pmeth_gn.c">src-xrefdata/49</entry>
   <entry key="crypto/engine/eng_err.c">src-xrefdata/815</entry>
   <entry key="ssl/s2_pkt.c">src-xrefdata/168</entry>
   <entry key="crypto/idea/idea.h">src-xrefdata/360</entry>
   <entry key="crypto/evp/m_md5.c">src-xrefdata/34</entry>
   <entry key="crypto/pkcs7/pk7_mime.c">src-xrefdata/128</entry>
   <entry key="crypto/conf/conf.h">src-xrefdata/442</entry>
   <entry key="crypto/asn1/x_spki.c">src-xrefdata/640</entry>
   <entry key="crypto/rand/rand_lcl.h">src-xrefdata/174</entry>
   <entry key="apps/pkeyutl.c">src-xrefdata/558</entry>
   <entry key="crypto/pkcs7/pkcs7err.c">src-xrefdata/560</entry>
   <entry key="ssl/s23_srvr.c">src-xrefdata/735</entry>
   <entry key="crypto/cms/cms_err.c">src-xrefdata/194</entry>
   <entry key="crypto/bn/bn_mpi.c">src-xrefdata/609</entry>
   <entry key="apps/passwd.c">src-xrefdata/794</entry>
   <entry key="/usr/include/fcntl.h">src-xrefdata/776</entry>
   <entry key="engines/e_cswift_err.h">src-xrefdata/995</entry>
   <entry key="crypto/rc4/rc4test.c">src-xrefdata/1005</entry>
   <entry key="crypto/x509/x509_trs.c">src-xrefdata/121</entry>
   <entry key="engines/e_cswift_err.c">src-xrefdata/1001</entry>
   <entry key="engines/ccgost/gost_keywrap.h">src-xrefdata/464</entry>
   <entry key="engines/e_chil.c">src-xrefdata/969</entry>
   <entry key="crypto/dh/dh_pmeth.c">src-xrefdata/166</entry>
   <entry key="engines/ccgost/gost_keywrap.c">src-xrefdata/460</entry>
   <entry key="crypto/cms/cms_asn1.c">src-xrefdata/659</entry>
   <entry key="crypto/bn/bntest.c">src-xrefdata/172</entry>
   <entry key="ssl/s3_clnt.c">src-xrefdata/1018</entry>
   <entry key="/usr/include/time.h">src-xrefdata/55</entry>
   <entry key="apps/ts.c">src-xrefdata/170</entry>
   <entry key="crypto/engine/tb_asnmth.c">src-xrefdata/942</entry>
   <entry key="crypto/constant_time_test.c">src-xrefdata/33</entry>
   <entry key="crypto/asn1/asn1_locl.h">src-xrefdata/471</entry>
   <entry key="crypto/cms/cms_enc.c">src-xrefdata/109</entry>
   <entry key="engines/e_sureware.c">src-xrefdata/603</entry>
   <entry key="crypto/rsa/rsa_asn1.c">src-xrefdata/50</entry>
   <entry key="crypto/rand/rand_nw.c">src-xrefdata/454</entry>
   <entry key="crypto/asn1/d2i_pu.c">src-xrefdata/755</entry>
   <entry key="/usr/include/x86_64-linux-gnu/bits/fcntl.h">src-xrefdata/788</entry>
   <entry key="crypto/engine/eng_fat.c">src-xrefdata/586</entry>
   <entry key="crypto/evp/e_seed.c">src-xrefdata/759</entry>
   <entry key="crypto/des/ofb64enc.c">src-xrefdata/2</entry>
   <entry key="crypto/bn/bn_prime.h">src-xrefdata/212</entry>
   <entry key="/usr/include/x86_64-linux-gnu/bits/socket_type.h">src-xrefdata/905</entry>
   <entry key="crypto/srp/srp_vfy.c">src-xrefdata/14</entry>
   <entry key="crypto/pkcs12/pk12err.c">src-xrefdata/66</entry>
   <entry key="crypto/cmac/cmac.h">src-xrefdata/764</entry>
   <entry key="crypto/bn/bn_prime.c">src-xrefdata/220</entry>
   <entry key="crypto/comp/c_rle.c">src-xrefdata/614</entry>
   <entry key="crypto/rsa/rsa_ssl.c">src-xrefdata/874</entry>
   <entry key="crypto/rsa/rsa_oaep.c">src-xrefdata/768</entry>
   <entry key="crypto/x509v3/v3_utl.c">src-xrefdata/619</entry>
   <entry key="crypto/cmac/cmac.c">src-xrefdata/766</entry>
   <entry key="crypto/bn/rsaz_exp.h">src-xrefdata/137</entry>
   <entry key="crypto/des/des_enc.c">src-xrefdata/769</entry>
   <entry key="/usr/include/asm-generic/ioctls.h">src-xrefdata/394</entry>
   <entry key="apps/dsaparam.c">src-xrefdata/201</entry>
   <entry key="crypto/des/cbc_cksm.c">src-xrefdata/369</entry>
   <entry key="crypto/asn1/x_algor.c">src-xrefdata/954</entry>
   <entry key="crypto/pem/pem_seal.c">src-xrefdata/514</entry>
   <entry key="crypto/bio/bio_err.c">src-xrefdata/186</entry>
   <entry key="crypto/des/des_old2.c">src-xrefdata/730</entry>
   <entry key="crypto/whrlpool/wp_test.c">src-xrefdata/980</entry>
   <entry key="crypto/ecdh/ech_key.c">src-xrefdata/566</entry>
   <entry key="crypto/dsa/dsa_ameth.c">src-xrefdata/244</entry>
   <entry key="engines/ccgost/gost_eng.c">src-xrefdata/45</entry>
   <entry key="crypto/bn/rsaz_exp.c">src-xrefdata/141</entry>
   <entry key="crypto/asn1/asn_moid.c">src-xrefdata/709</entry>
   <entry key="/usr/include/dlfcn.h">src-xrefdata/187</entry>
   <entry key="crypto/pqueue/pqueue.h">src-xrefdata/457</entry>
   <entry key="crypto/x509v3/v3_skey.c">src-xrefdata/734</entry>
   <entry key="crypto/ecdsa/ecs_ossl.c">src-xrefdata/843</entry>
   <entry key="crypto/cast/cast.h">src-xrefdata/35</entry>
   <entry key="crypto/pqueue/pqueue.c">src-xrefdata/463</entry>
   <entry key="crypto/cmac/cm_ameth.c">src-xrefdata/763</entry>
   <entry key="crypto/o_fips.c">src-xrefdata/549</entry>
   <entry key="crypto/asn1/x_long.c">src-xrefdata/89</entry>
   <entry key="crypto/asn1/x_val.c">src-xrefdata/541</entry>
   <entry key="crypto/dso/dso_win32.c">src-xrefdata/665</entry>
   <entry key="crypto/rsa/rsa.h">src-xrefdata/714</entry>
   <entry key="crypto/ecdsa/ecs_lib.c">src-xrefdata/941</entry>
   <entry key="crypto/cms/cms_pwri.c">src-xrefdata/259</entry>
   <entry key="crypto/ec/ec_check.c">src-xrefdata/260</entry>
   <entry key="crypto/x509v3/v3_pci.c">src-xrefdata/613</entry>
   <entry key="crypto/bn/bn_lcl.h">src-xrefdata/884</entry>
   <entry key="/usr/include/x86_64-linux-gnu/bits/param.h">src-xrefdata/395</entry>
   <entry key="ssl/s3_both.c">src-xrefdata/955</entry>
   <entry key="crypto/asn1/asn1.h">src-xrefdata/98</entry>
   <entry key="crypto/md5/md5.h">src-xrefdata/779</entry>
   <entry key="crypto/x509v3/v3_genn.c">src-xrefdata/592</entry>
   <entry key="/usr/include/x86_64-linux-gnu/bits/inf.h">src-xrefdata/1012</entry>
   <entry key="ssl/ssl_conf.c">src-xrefdata/836</entry>
   <entry key="/usr/include/x86_64-linux-gnu/bits/dlfcn.h">src-xrefdata/758</entry>
   <entry key="engines/e_atalla.c">src-xrefdata/770</entry>
   <entry key="/usr/include/x86_64-linux-gnu/bits/time.h">src-xrefdata/459</entry>
   <entry key="/usr/include/x86_64-linux-gnu/bits/sigaction.h">src-xrefdata/900</entry>
   <entry key="crypto/rsa/rsa_crpt.c">src-xrefdata/163</entry>
   <entry key="crypto/ecdh/ech_locl.h">src-xrefdata/431</entry>
   <entry key="crypto/pkcs12/p12_p8d.c">src-xrefdata/70</entry>
   <entry key="crypto/bn/bn_mul.c">src-xrefdata/31</entry>
   <entry key="ssl/ssl23.h">src-xrefdata/462</entry>
   <entry key="crypto/fips_ers.c">src-xrefdata/654</entry>
   <entry key="crypto/asn1/a_time.c">src-xrefdata/962</entry>
   <entry key="crypto/pkcs7/bio_pk7.c">src-xrefdata/637</entry>
   <entry key="crypto/err/err.h">src-xrefdata/476</entry>
   <entry key="crypto/evp/pmeth_lib.c">src-xrefdata/328</entry>
   <entry key="crypto/err/err.c">src-xrefdata/475</entry>
   <entry key="crypto/evp/m_sha1.c">src-xrefdata/503</entry>
   <entry key="apps/cms.c">src-xrefdata/426</entry>
   <entry key="crypto/x509v3/v3_info.c">src-xrefdata/634</entry>
   <entry key="ssl/ssl_cert.c">src-xrefdata/876</entry>
   <entry key="crypto/rsa/rsa_locl.h">src-xrefdata/993</entry>
   <entry key="crypto/evp/evp_extra_test.c">src-xrefdata/992</entry>
   <entry key="engines/ccgost/gost2001.c">src-xrefdata/208</entry>
   <entry key="crypto/bn/bn_sqr.c">src-xrefdata/786</entry>
   <entry key="crypto/ec/ec2_mult.c">src-xrefdata/576</entry>
   <entry key="crypto/ripemd/rmd_dgst.c">src-xrefdata/29</entry>
   <entry key="engines/e_chil_err.h">src-xrefdata/399</entry>
   <entry key="crypto/des/fcrypt.c">src-xrefdata/111</entry>
   <entry key="crypto/asn1/a_utctm.c">src-xrefdata/358</entry>
   <entry key="crypto/camellia/cmll_utl.c">src-xrefdata/119</entry>
   <entry key="crypto/evp/p_open.c">src-xrefdata/203</entry>
   <entry key="crypto/x509/by_dir.c">src-xrefdata/806</entry>
   <entry key="apps/pkcs12.c">src-xrefdata/937</entry>
   <entry key="engines/e_chil_err.c">src-xrefdata/368</entry>
   <entry key="crypto/ec/ec_mult.c">src-xrefdata/802</entry>
   <entry key="crypto/bio/bio_cb.c">src-xrefdata/1008</entry>
   <entry key="crypto/des/ecb_enc.c">src-xrefdata/837</entry>
   <entry key="crypto/comp/comp_lib.c">src-xrefdata/789</entry>
   <entry key="crypto/asn1/p5_pbev2.c">src-xrefdata/499</entry>
   <entry key="crypto/cast/c_enc.c">src-xrefdata/370</entry>
   <entry key="crypto/des/rand_key.c">src-xrefdata/153</entry>
   <entry key="/usr/include/asm-generic/ioctl.h">src-xrefdata/598</entry>
   <entry key="crypto/rsa/rsa_prn.c">src-xrefdata/60</entry>
   <entry key="crypto/cpt_err.c">src-xrefdata/443</entry>
   <entry key="/usr/include/linux/ioctl.h">src-xrefdata/419</entry>
   <entry key="/usr/include/x86_64-linux-gnu/sys/times.h">src-xrefdata/1019</entry>
   <entry key="crypto/asn1/ameth_lib.c">src-xrefdata/420</entry>
   <entry key="/usr/include/x86_64-linux-gnu/bits/siginfo.h">src-xrefdata/493</entry>
   <entry key="crypto/cms/cms_env.c">src-xrefdata/508</entry>
   <entry key="engines/ccgost/e_gost_err.h">src-xrefdata/715</entry>
   <entry key="crypto/cms/cms_smime.c">src-xrefdata/63</entry>
   <entry key="crypto/dso/dso_vms.c">src-xrefdata/720</entry>
   <entry key="ssl/t1_clnt.c">src-xrefdata/62</entry>
   <entry key="engines/ccgost/e_gost_err.c">src-xrefdata/717</entry>
   <entry key="crypto/ts/ts_rsp_print.c">src-xrefdata/834</entry>
   <entry key="crypto/cast/c_skey.c">src-xrefdata/864</entry>
   <entry key="engines/e_ubsec_err.h">src-xrefdata/951</entry>
   <entry key="crypto/dsa/dsa.h">src-xrefdata/616</entry>
   <entry key="crypto/asn1/a_utf8.c">src-xrefdata/1009</entry>
   <entry key="crypto/mdc2/mdc2_one.c">src-xrefdata/76</entry>
   <entry key="crypto/evp/m_ripemd.c">src-xrefdata/761</entry>
   <entry key="engines/e_ubsec_err.c">src-xrefdata/946</entry>
   <entry key="engines/e_gmp.c">src-xrefdata/690</entry>
   <entry key="crypto/dsa/dsa_ossl.c">src-xrefdata/847</entry>
   <entry key="crypto/evp/p_sign.c">src-xrefdata/266</entry>
   <entry key="crypto/x509v3/v3_alt.c">src-xrefdata/885</entry>
   <entry key="crypto/asn1/a_strex.c">src-xrefdata/322</entry>
   <entry key="crypto/camellia/camellia.h">src-xrefdata/0</entry>
   <entry key="/usr/include/x86_64-linux-gnu/bits/huge_vall.h">src-xrefdata/200</entry>
   <entry key="crypto/evp/e_aes_cbc_hmac_sha1.c">src-xrefdata/277</entry>
   <entry key="crypto/ec/ec2_smpl.c">src-xrefdata/855</entry>
   <entry key="crypto/bio/bss_sock.c">src-xrefdata/589</entry>
   <entry key="crypto/asn1/a_enum.c">src-xrefdata/729</entry>
   <entry key="crypto/bf/bf_enc.c">src-xrefdata/839</entry>
   <entry key="apps/asn1pars.c">src-xrefdata/151</entry>
   <entry key="crypto/dso/dso.h">src-xrefdata/467</entry>
   <entry key="apps/ec.c">src-xrefdata/101</entry>
   <entry key="crypto/ossl_typ.h">src-xrefdata/538</entry>
   <entry key="/usr/include/x86_64-linux-gnu/bits/nan.h">src-xrefdata/765</entry>
   <entry key="crypto/evp/evp_cnf.c">src-xrefdata/411</entry>
   <entry key="crypto/ts/ts_lib.c">src-xrefdata/561</entry>
   <entry key="crypto/pkcs7/pk7_lib.c">src-xrefdata/400</entry>
   <entry key="crypto/aes/aes_locl.h">src-xrefdata/28</entry>
   <entry key="crypto/aes/aes_ige.c">src-xrefdata/936</entry>
   <entry key="crypto/asn1/a_bitstr.c">src-xrefdata/548</entry>
   <entry key="crypto/pem/pem_pkey.c">src-xrefdata/286</entry>
   <entry key="/usr/include/x86_64-linux-gnu/sys/poll.h">src-xrefdata/574</entry>
   <entry key="crypto/engine/eng_rdrand.c">src-xrefdata/530</entry>
   <entry key="apps/dhparam.c">src-xrefdata/274</entry>
   <entry key="crypto/dsa/dsa_prn.c">src-xrefdata/5</entry>
   <entry key="crypto/rsa/rsa_pk1.c">src-xrefdata/831</entry>
   <entry key="/usr/include/strings.h">src-xrefdata/760</entry>
   <entry key="/usr/include/ctype.h">src-xrefdata/952</entry>
   <entry key="crypto/ecdh/ech_lib.c">src-xrefdata/292</entry>
   <entry key="crypto/bio/bf_nbio.c">src-xrefdata/155</entry>
   <entry key="crypto/modes/ofb128.c">src-xrefdata/48</entry>
   <entry key="crypto/rsa/rsa_none.c">src-xrefdata/785</entry>
   <entry key="crypto/ec/ecp_nistz256.c">src-xrefdata/387</entry>
   <entry key="/usr/include/x86_64-linux-gnu/bits/types.h">src-xrefdata/15</entry>
   <entry key="crypto/asn1/tasn_enc.c">src-xrefdata/144</entry>
   <entry key="crypto/sha/sha1test.c">src-xrefdata/138</entry>
   <entry key="crypto/engine/eng_lib.c">src-xrefdata/940</entry>
   <entry key="/usr/include/termios.h">src-xrefdata/124</entry>
   <entry key="ssl/s3_enc.c">src-xrefdata/102</entry>
   <entry key="crypto/conf/conf_def.h">src-xrefdata/349</entry>
   <entry key="crypto/x509v3/v3_int.c">src-xrefdata/896</entry>
   <entry key="crypto/conf/conf_def.c">src-xrefdata/355</entry>
   <entry key="crypto/seed/seed_ecb.c">src-xrefdata/653</entry>
   <entry key="ssl/s2_clnt.c">src-xrefdata/498</entry>
   <entry key="/usr/include/alloca.h">src-xrefdata/711</entry>
   <entry key="crypto/cms/cms_lib.c">src-xrefdata/409</entry>
   <entry key="engines/ccgost/gost_crypt.c">src-xrefdata/644</entry>
   <entry key="crypto/des/destest.c">src-xrefdata/803</entry>
   <entry key="/usr/include/asm-generic/errno.h">src-xrefdata/414</entry>
   <entry key="crypto/ts/ts.h">src-xrefdata/920</entry>
   <entry key="crypto/rc2/rc2cfb64.c">src-xrefdata/1</entry>
   <entry key="crypto/ripemd/rmd_locl.h">src-xrefdata/82</entry>
   <entry key="crypto/modes/wrap128.c">src-xrefdata/579</entry>
   <entry key="/usr/include/x86_64-linux-gnu/gnu/stubs-64.h">src-xrefdata/90</entry>
   <entry key="crypto/bio/bio.h">src-xrefdata/643</entry>
   <entry key="crypto/bf/blowfish.h">src-xrefdata/553</entry>
   <entry key="crypto/evp/c_all.c">src-xrefdata/767</entry>
   <entry key="crypto/des/cfb_enc.c">src-xrefdata/451</entry>
   <entry key="crypto/rsa/rsa_gen.c">src-xrefdata/787</entry>
   <entry key="crypto/asn1/t_x509a.c">src-xrefdata/466</entry>
   <entry key="crypto/x509/x509type.c">src-xrefdata/581</entry>
   <entry key="crypto/ui/ui_err.c">src-xrefdata/361</entry>
   <entry key="/usr/include/x86_64-linux-gnu/bits/wordsize.h">src-xrefdata/326</entry>
   <entry key="crypto/ebcdic.c">src-xrefdata/190</entry>
   <entry key="crypto/aes/aes_misc.c">src-xrefdata/585</entry>
   <entry key="crypto/rc2/rc2_skey.c">src-xrefdata/991</entry>
   <entry key="crypto/bn/bn_recp.c">src-xrefdata/380</entry>
   <entry key="crypto/dh/dh_rfc5114.c">src-xrefdata/383</entry>
   <entry key="crypto/engine/eng_ctrl.c">src-xrefdata/906</entry>
   <entry key="apps/ca.c">src-xrefdata/907</entry>
   <entry key="crypto/txt_db/txt_db.h">src-xrefdata/140</entry>
   <entry key="crypto/txt_db/txt_db.c">src-xrefdata/147</entry>
   <entry key="crypto/asn1/asn1_par.c">src-xrefdata/542</entry>
   <entry key="crypto/pem/pem_x509.c">src-xrefdata/633</entry>
   <entry key="apps/testdsa.h">src-xrefdata/59</entry>
   <entry key="crypto/err/err_all.c">src-xrefdata/330</entry>
   <entry key="crypto/des/cfb64ede.c">src-xrefdata/982</entry>
   <entry key="crypto/cast/c_ecb.c">src-xrefdata/255</entry>
   <entry key="crypto/idea/ideatest.c">src-xrefdata/392</entry>
   <entry key="crypto/idea/i_ecb.c">src-xrefdata/115</entry>
   <entry key="apps/testrsa.h">src-xrefdata/107</entry>
   <entry key="crypto/evp/evp_pkey.c">src-xrefdata/427</entry>
   <entry key="crypto/rsa/rsa_eay.c">src-xrefdata/376</entry>
   <entry key="crypto/asn1/t_pkey.c">src-xrefdata/219</entry>
   <entry key="crypto/x509v3/v3_bitst.c">src-xrefdata/698</entry>
   <entry key="crypto/aes/aes_ecb.c">src-xrefdata/645</entry>
   <entry key="crypto/bio/bio_lib.c">src-xrefdata/122</entry>
   <entry key="crypto/evp/e_aes.c">src-xrefdata/410</entry>
   <entry key="crypto/rand/rand_win.c">src-xrefdata/800</entry>
   <entry key="crypto/bn/bn_print.c">src-xrefdata/333</entry>
   <entry key="crypto/idea/i_cfb64.c">src-xrefdata/372</entry>
   <entry key="crypto/ec/ecp_nistz256_table.c">src-xrefdata/505</entry>
   <entry key="crypto/evp/c_allc.c">src-xrefdata/139</entry>
   <entry key="crypto/evp/digest.c">src-xrefdata/536</entry>
   <entry key="crypto/dh/dh_err.c">src-xrefdata/252</entry>
   <entry key="crypto/buildinf.h">src-xrefdata/998</entry>
   <entry key="ssl/d1_pkt.c">src-xrefdata/897</entry>
   <entry key="ssl/ssl_err2.c">src-xrefdata/672</entry>
   <entry key="engines/vendor_defns/aep.h">src-xrefdata/130</entry>
   <entry key="/usr/include/xlocale.h">src-xrefdata/867</entry>
   <entry key="crypto/dsa/dsa_gen.c">src-xrefdata/857</entry>
   <entry key="crypto/pkcs12/p12_asn.c">src-xrefdata/902</entry>
   <entry key="engines/vendor_defns/sureware.h">src-xrefdata/238</entry>
   <entry key="crypto/rand/randfile.c">src-xrefdata/890</entry>
   <entry key="crypto/seed/seed_cfb.c">src-xrefdata/1024</entry>
   <entry key="/usr/include/x86_64-linux-gnu/bits/byteswap.h">src-xrefdata/396</entry>
   <entry key="crypto/ecdh/ech_ossl.c">src-xrefdata/235</entry>
   <entry key="crypto/engine/tb_cipher.c">src-xrefdata/263</entry>
   <entry key="crypto/des/des.h">src-xrefdata/623</entry>
   <entry key="crypto/engine/tb_digest.c">src-xrefdata/225</entry>
   <entry key="crypto/seed/seed_cbc.c">src-xrefdata/599</entry>
   <entry key="engines/e_aep.c">src-xrefdata/545</entry>
   <entry key="crypto/engine/eng_init.c">src-xrefdata/667</entry>
   <entry key="crypto/bf/bf_ecb.c">src-xrefdata/20</entry>
   <entry key="crypto/x509/x509_r2x.c">src-xrefdata/1002</entry>
   <entry key="crypto/bf/bf_cfb64.c">src-xrefdata/363</entry>
   <entry key="crypto/asn1/f_enum.c">src-xrefdata/679</entry>
   <entry key="crypto/crypto.h">src-xrefdata/596</entry>
</properties>