{
	"kics_version": "v1.5.1",
	"files_scanned": 42,
	"files_parsed": 42,
	"files_failed_to_scan": 0,
	"queries_total": 331,
	"queries_failed_to_execute": 0,
	"queries_failed_to_compute_similarity_id": 0,
	"scan_id": "console",
	"severity_counters": {
		"HIGH": 3,
		"INFO": 2,
		"LOW": 5,
		"MEDIUM": 3,
		"TRACE": 0
	},
	"total_counter": 13,
	"total_bom_resources": 0,
	"start": "2022-02-15T06:34:12.9632138Z",
	"end": "2022-02-15T06:34:25.370320877Z",
	"paths": [
		"/path"
	],
	"queries": [
		{
			"query_name": "Missing User Instruction",
			"query_id": "fd54f200-402c-4333-a5a4-36ef6709af2f",
			"query_url": "https://docs.docker.com/engine/reference/builder/#user",
			"severity": "HIGH",
			"platform": "Dockerfile",
			"category": "Build Process",
			"description": "A user should be specified in the dockerfile, otherwise the image will run as root",
			"description_id": "eb49caf6",
			"files": [
				{
					"file_name": "../../path/Dockerfile",
					"similarity_id": "b81f3111eb5fda3bcc46ff5c8c28237535374f6843d6424332f53d27d02191e5",
					"line": 1,
					"issue_type": "MissingAttribute",
					"search_key": "FROM={{ruby:2.5.0}}",
					"search_line": 0,
					"search_value": "",
					"expected_value": "The 'Dockerfile' contains the 'USER' instruction",
					"actual_value": "The 'Dockerfile' does not contain any 'USER' instruction"
				}
			]
		},
		{
			"query_name": "Passwords And Secrets - Generic Token",
			"query_id": "baee238e-1921-4801-9c3f-79ae1d7b2cbc",
			"query_url": "https://kics.io/",
			"severity": "HIGH",
			"platform": "Common",
			"cloud_provider": "COMMON",
			"category": "Secret Management",
			"description": "Query to find passwords and secrets in infrastructure code.",
			"description_id": "d69d8a89",
			"files": [
				{
					"file_name": "../../path/.scannerwork/css-bundle/node_modules/debug/.coveralls.yml",
					"similarity_id": "4c1ed7e6fcc7ff5978a8ce3369f1d9d82fe7bc3a5b2fbfd79448ecfcb0f2d05c",
					"line": 1,
					"issue_type": "RedundantAttribute",
					"search_key": "",
					"search_line": 0,
					"search_value": "",
					"expected_value": "Hardcoded secret key should not appear in source",
					"actual_value": "'repo_token: SIAeZjKYlHK74rbcFvNHMUzjRiMpflxve' contains a secret"
				},
				{
					"file_name": "../../path/.scannerwork/css-bundle/node_modules/reusify/.coveralls.yml",
					"similarity_id": "99c23dfaabb614a74e2252a3e56d8ee3d1671fcaca9f8563954109436445156d",
					"line": 1,
					"issue_type": "RedundantAttribute",
					"search_key": "",
					"search_line": 0,
					"search_value": "",
					"expected_value": "Hardcoded secret key should not appear in source",
					"actual_value": "'repo_token: yIxhFqtaaz5iGVYfie9mODehFYogm8S8L' contains a secret"
				}
			]
		},
		{
			"query_name": "Apt Get Install Pin Version Not Defined",
			"query_id": "965a08d7-ef86-4f14-8792-4a3b2098937e",
			"query_url": "https://docs.docker.com/develop/develop-images/dockerfile_best-practices/",
			"severity": "MEDIUM",
			"platform": "Dockerfile",
			"category": "Supply-Chain",
			"description": "When installing a package, its pin version should be defined",
			"description_id": "e0e1edad",
			"files": [
				{
					"file_name": "../../path/Dockerfile",
					"similarity_id": "9246e1fb3c7daff250335581c06cdfd9ede3768d08d9e8ce320541b541e81d8f",
					"line": 2,
					"issue_type": "MissingAttribute",
					"search_key": "FROM={{ruby:2.5.0}}.RUN={{apt-get update -qq \u0026\u0026 apt-get install -y build-essential libpq-dev nodejs}}",
					"search_line": 0,
					"search_value": "nodejs",
					"expected_value": "Package 'nodejs' has version defined",
					"actual_value": "Package 'nodejs' does not have version defined"
				},
				{
					"file_name": "../../path/Dockerfile",
					"similarity_id": "655ede1a037fcf7aa39f185f55af4bb680f695228043b18e6f1d27697aaa5e0f",
					"line": 2,
					"issue_type": "MissingAttribute",
					"search_key": "FROM={{ruby:2.5.0}}.RUN={{apt-get update -qq \u0026\u0026 apt-get install -y build-essential libpq-dev nodejs}}",
					"search_line": 0,
					"search_value": "build-essential",
					"expected_value": "Package 'build-essential' has version defined",
					"actual_value": "Package 'build-essential' does not have version defined"
				},
				{
					"file_name": "../../path/Dockerfile",
					"similarity_id": "f3255be118a2013ebb4d451d3bc91db4469e11152d542565f53bc2d31264f88a",
					"line": 2,
					"issue_type": "MissingAttribute",
					"search_key": "FROM={{ruby:2.5.0}}.RUN={{apt-get update -qq \u0026\u0026 apt-get install -y build-essential libpq-dev nodejs}}",
					"search_line": 0,
					"search_value": "libpq-dev",
					"expected_value": "Package 'libpq-dev' has version defined",
					"actual_value": "Package 'libpq-dev' does not have version defined"
				}
			]
		},
		{
			"query_name": "Add Instead of Copy",
			"query_id": "9513a694-aa0d-41d8-be61-3271e056f36b",
			"query_url": "https://docs.docker.com/engine/reference/builder/#add",
			"severity": "LOW",
			"platform": "Dockerfile",
			"category": "Build Process",
			"description": "Should use COPY instead of ADD unless, running a tar file",
			"description_id": "0aedd324",
			"files": [
				{
					"file_name": "../../path/Dockerfile",
					"similarity_id": "dc0fff0f37dadb204eab3731f64093e3a53d45b2a5982d9cad191b8a6dc340eb",
					"line": 8,
					"issue_type": "IncorrectValue",
					"search_key": "FROM={{ruby:2.5.0}}.{{ADD . /myapp}}",
					"search_line": 0,
					"search_value": "",
					"expected_value": "'COPY' .",
					"actual_value": "'ADD' ."
				},
				{
					"file_name": "../../path/Dockerfile",
					"similarity_id": "be8f37ece839c6ed0592f4fdf5e5ce6ff387a834a4329490e28b1fced5829829",
					"line": 6,
					"issue_type": "IncorrectValue",
					"search_key": "FROM={{ruby:2.5.0}}.{{ADD Gemfile.lock /myapp/Gemfile.lock}}",
					"search_line": 0,
					"search_value": "",
					"expected_value": "'COPY' Gemfile.lock",
					"actual_value": "'ADD' Gemfile.lock"
				},
				{
					"file_name": "../../path/Dockerfile",
					"similarity_id": "489fd23a32c463cccfd55c5b9ae301bf575c0a7f7e789a454b0ed221c77cc93b",
					"line": 5,
					"issue_type": "IncorrectValue",
					"search_key": "FROM={{ruby:2.5.0}}.{{ADD Gemfile /myapp/Gemfile}}",
					"search_line": 0,
					"search_value": "",
					"expected_value": "'COPY' Gemfile",
					"actual_value": "'ADD' Gemfile"
				}
			]
		},
		{
			"query_name": "Healthcheck Instruction Missing",
			"query_id": "b03a748a-542d-44f4-bb86-9199ab4fd2d5",
			"query_url": "https://docs.docker.com/engine/reference/builder/#healthcheck",
			"severity": "LOW",
			"platform": "Dockerfile",
			"category": "Insecure Configurations",
			"description": "Ensure that HEALTHCHECK is being used. The HEALTHCHECK instruction tells Docker how to test a container to check that it is still working",
			"description_id": "426121ee",
			"files": [
				{
					"file_name": "../../path/Dockerfile",
					"similarity_id": "cefc2e1481ee6334ee0205a290099afa5d2d10b738d6a670c37b6ce6bcaba3f2",
					"line": 1,
					"issue_type": "MissingAttribute",
					"search_key": "FROM={{ruby:2.5.0}}",
					"search_line": 0,
					"search_value": "",
					"expected_value": "Dockerfile contains instruction 'HEALTHCHECK'",
					"actual_value": "Dockerfile doesn't contain instruction 'HEALTHCHECK'"
				}
			]
		},
		{
			"query_name": "Multiple RUN, ADD, COPY, Instructions Listed",
			"query_id": "0008c003-79aa-42d8-95b8-1c2fe37dbfe6",
			"query_url": "https://sysdig.com/blog/dockerfile-best-practices/",
			"severity": "LOW",
			"platform": "Dockerfile",
			"category": "Best Practices",
			"description": "Multiple commands (RUN, Copy, And) should be grouped in order to reduce the number of layers.",
			"description_id": "29bd3a34",
			"files": [
				{
					"file_name": "../../path/Dockerfile",
					"similarity_id": "d34f1003699d91ce1f68f12915f8151a227643c9c40e5bcae005f2b3a5f648f5",
					"line": 2,
					"issue_type": "RedundantAttribute",
					"search_key": "FROM={{ruby:2.5.0}}.{{RUN apt-get update -qq \u0026\u0026 apt-get install -y build-essential libpq-dev nodejs}}",
					"search_line": 0,
					"search_value": "",
					"expected_value": "There isn´t any RUN instruction that could be grouped",
					"actual_value": "There are RUN instructions that could be grouped"
				}
			]
		},
		{
			"query_name": "APT-GET Not Avoiding Additional Packages",
			"query_id": "7384dfb2-fcd1-4fbf-91cd-6c44c318c33c",
			"query_url": "https://docs.docker.com/engine/reference/builder/#run",
			"severity": "INFO",
			"platform": "Dockerfile",
			"category": "Supply-Chain",
			"description": "Check if any apt-get installs don't use '--no-install-recommends' flag to avoid installing additional packages.",
			"description_id": "2e92d18c",
			"files": [
				{
					"file_name": "../../path/Dockerfile",
					"similarity_id": "5766fcda56ea5515c8a30106e280aa8fc08c930e2db3ccd82da923f95d48045f",
					"line": 2,
					"issue_type": "IncorrectValue",
					"search_key": "FROM={{ruby:2.5.0}}.{{RUN apt-get update -qq \u0026\u0026 apt-get install -y build-essential libpq-dev nodejs}}",
					"search_line": 0,
					"search_value": "",
					"expected_value": "'RUN apt-get update -qq \u0026\u0026 apt-get install -y build-essential libpq-dev nodejs' uses '--no-install-recommends' flag to avoid installing additional packages",
					"actual_value": "'RUN apt-get update -qq \u0026\u0026 apt-get install -y build-essential libpq-dev nodejs' does not use '--no-install-recommends' flag to avoid installing additional packages"
				}
			]
		},
		{
			"query_name": "Apt Get Install Lists Were Not Deleted",
			"query_id": "df746b39-6564-4fed-bf85-e9c44382303c",
			"query_url": "https://docs.docker.com/develop/develop-images/dockerfile_best-practices/",
			"severity": "INFO",
			"platform": "Dockerfile",
			"category": "Supply-Chain",
			"description": "After using apt-get install, it is needed to delete apt-get lists",
			"description_id": "4236a50c",
			"files": [
				{
					"file_name": "../../path/Dockerfile",
					"similarity_id": "269ed12061fd76a6091a11675474705cd733b3d5b15a7d05aa876933ae4b092d",
					"line": 2,
					"issue_type": "IncorrectValue",
					"search_key": "FROM={{ruby:2.5.0}}.RUN={{apt-get update -qq \u0026\u0026 apt-get install -y build-essential libpq-dev nodejs}}",
					"search_line": 0,
					"search_value": "",
					"expected_value": "After using apt-get install, it is needed to delete apt-get lists",
					"actual_value": "After using apt-get install, the apt-get lists were not deleted"
				}
			]
		}
	]
}
