{
	"kics_version": "v1.5.3",
	"files_scanned": 11,
	"files_parsed": 11,
	"files_failed_to_scan": 0,
	"queries_total": 328,
	"queries_failed_to_execute": 0,
	"queries_failed_to_compute_similarity_id": 0,
	"scan_id": "console",
	"severity_counters": {
		"HIGH": 0,
		"INFO": 6,
		"LOW": 9,
		"MEDIUM": 6,
		"TRACE": 0
	},
	"total_counter": 21,
	"total_bom_resources": 0,
	"start": "2022-03-10T07:54:02.748642803Z",
	"end": "2022-03-10T07:54:14.529780021Z",
	"paths": [
		"/path"
	],
	"queries": [
		{
			"query_name": "APT-GET Missing '-y' To Avoid Manual Input",
			"query_id": "77783205-c4ca-4f80-bb80-c777f267c547",
			"query_url": "https://docs.docker.com/engine/reference/builder/#run",
			"severity": "MEDIUM",
			"platform": "Dockerfile",
			"category": "Supply-Chain",
			"description": "Check if apt-get calls use the flag -y to avoid user manual input.",
			"description_id": "2064113b",
			"files": [
				{
					"file_name": "../../path/webgoat-server/Dockerfile",
					"similarity_id": "ff0035037b5ebc675a823ac918007a9e17b12532e08c7d015357cd831dea9e98",
					"line": 5,
					"issue_type": "IncorrectValue",
					"search_key": "FROM={{openjdk:11.0.1-jre-slim-stretch}}.{{RUN   apt-get update \u0026\u0026 apt-get install \u0026\u0026   useradd --home-dir /home/webgoat --create-home -U webgoat}}",
					"search_line": 0,
					"search_value": "",
					"expected_value": "FROM={{openjdk:11.0.1-jre-slim-stretch}}.{{RUN   apt-get update \u0026\u0026 apt-get install \u0026\u0026   useradd --home-dir /home/webgoat --create-home -U webgoat}} avoids manual input",
					"actual_value": "FROM={{openjdk:11.0.1-jre-slim-stretch}}.{{RUN   apt-get update \u0026\u0026 apt-get install \u0026\u0026   useradd --home-dir /home/webgoat --create-home -U webgoat}} doesn't avoid manual input"
				},
				{
					"file_name": "../../path/webwolf/Dockerfile",
					"similarity_id": "390bbc4b0e70c6dedc27e6054375792e31c73c14a94dc451610d73769a88d9e3",
					"line": 5,
					"issue_type": "IncorrectValue",
					"search_key": "FROM={{openjdk:11.0.1-jre-slim-stretch}}.{{RUN   apt-get update \u0026\u0026 apt-get install \u0026\u0026   useradd --home-dir /home/webwolf --create-home -U webwolf}}",
					"search_line": 0,
					"search_value": "",
					"expected_value": "FROM={{openjdk:11.0.1-jre-slim-stretch}}.{{RUN   apt-get update \u0026\u0026 apt-get install \u0026\u0026   useradd --home-dir /home/webwolf --create-home -U webwolf}} avoids manual input",
					"actual_value": "FROM={{openjdk:11.0.1-jre-slim-stretch}}.{{RUN   apt-get update \u0026\u0026 apt-get install \u0026\u0026   useradd --home-dir /home/webwolf --create-home -U webwolf}} doesn't avoid manual input"
				}
			]
		},
		{
			"query_name": "Apt Get Install Pin Version Not Defined",
			"query_id": "965a08d7-ef86-4f14-8792-4a3b2098937e",
			"query_url": "https://docs.docker.com/develop/develop-images/dockerfile_best-practices/",
			"severity": "MEDIUM",
			"platform": "Dockerfile",
			"category": "Supply-Chain",
			"description": "When installing a package, its pin version should be defined",
			"description_id": "e0e1edad",
			"files": [
				{
					"file_name": "../../path/docker/Dockerfile",
					"similarity_id": "c6ae66c4bf45776a1580ff9c0e7f7efdf07bb883cdafb80083d1010107940dbc",
					"line": 5,
					"issue_type": "MissingAttribute",
					"search_key": "FROM={{eclipse-temurin:17_35-jdk-focal}}.RUN={{apt-get -y install apt-utils nginx}}",
					"search_line": 0,
					"search_value": "apt-utils",
					"expected_value": "Package 'apt-utils' has version defined",
					"actual_value": "Package 'apt-utils' does not have version defined"
				},
				{
					"file_name": "../../path/docker/Dockerfile",
					"similarity_id": "7271ddf90ca465b5df4417dde892ec76aa94103ffd7a7e28aac2e239e2b9d01b",
					"line": 5,
					"issue_type": "MissingAttribute",
					"search_key": "FROM={{eclipse-temurin:17_35-jdk-focal}}.RUN={{apt-get -y install apt-utils nginx}}",
					"search_line": 0,
					"search_value": "nginx",
					"expected_value": "Package 'nginx' has version defined",
					"actual_value": "Package 'nginx' does not have version defined"
				}
			]
		},
		{
			"query_name": "RUN Instruction Using 'cd' Instead of WORKDIR",
			"query_id": "f4a6bcd3-e231-4acf-993c-aa027be50d2e",
			"query_url": "https://docs.docker.com/develop/develop-images/dockerfile_best-practices/#workdir",
			"severity": "MEDIUM",
			"platform": "Dockerfile",
			"category": "Build Process",
			"description": "Use WORKDIR instead of proliferating instructions like RUN cd … \u0026\u0026 do-something, which are hard to read, troubleshoot, and maintain.",
			"description_id": "edd9f7d3",
			"files": [
				{
					"file_name": "../../path/webgoat-server/Dockerfile",
					"similarity_id": "9efd5b1fb5c0f9b90f89847d0e568fd8de3896698974419a485179486ed70828",
					"line": 10,
					"issue_type": "IncorrectValue",
					"search_key": "FROM={{openjdk:11.0.1-jre-slim-stretch}}.RUN={{cd /home/webgoat/; mkdir -p .webgoat-${webgoat_version}}}",
					"search_line": 0,
					"search_value": "",
					"expected_value": "Using WORKDIR to change directory",
					"actual_value": "RUN cd /home/webgoat/; mkdir -p .webgoat-${webgoat_version}'"
				}
			]
		},
		{
			"query_name": "Update Instruction Alone",
			"query_id": "9bae49be-0aa3-4de5-bab2-4c3a069e40cd",
			"query_url": "https://docs.docker.com/develop/develop-images/dockerfile_best-practices/#run",
			"severity": "MEDIUM",
			"platform": "Dockerfile",
			"category": "Build Process",
			"description": "Instruction 'RUN \u003cpackage-manager\u003e update' should always be followed by '\u003cpackage-manager\u003e install' in the same RUN statement",
			"description_id": "3785203d",
			"files": [
				{
					"file_name": "../../path/docker/Dockerfile",
					"similarity_id": "585940ee08fc360183e015cb35f8bbe6ec80b8265aa48777940837361152ad74",
					"line": 3,
					"issue_type": "IncorrectValue",
					"search_key": "FROM={{eclipse-temurin:17_35-jdk-focal}}.RUN={{apt-get update}}",
					"search_line": 0,
					"search_value": "",
					"expected_value": "Instruction 'RUN \u003cpackage-manager\u003e update' is followed by 'RUN \u003cpackage-manager\u003e install' ",
					"actual_value": "Instruction 'RUN \u003cpackage-manager\u003e update' isn't followed by 'RUN \u003cpackage-manager\u003e install in the same 'RUN' statement"
				}
			]
		},
		{
			"query_name": "Chown Flag Exists",
			"query_id": "aa93e17f-b6db-4162-9334-c70334e7ac28",
			"query_url": "https://docs.docker.com/develop/develop-images/dockerfile_best-practices/",
			"severity": "LOW",
			"platform": "Dockerfile",
			"category": "Best Practices",
			"description": "It is considered a best practice for every executable in a container to be owned by the root user even if it is executed by a non-root user, only execution permissions are required on the file, not ownership",
			"description_id": "ba0a34dc",
			"files": [
				{
					"file_name": "../../path/docker/Dockerfile",
					"similarity_id": "7f5157e126a4491b535d1f1d5a557cf5d876ea5a8c99d8b4f602f26d99cea0db",
					"line": 15,
					"issue_type": "IncorrectValue",
					"search_key": "FROM={{eclipse-temurin:17_35-jdk-focal}}.{{COPY --chown=webgoat start.sh /home/webgoat}}",
					"search_line": 0,
					"search_value": "",
					"expected_value": "The 'Dockerfile' shouldn´t contain the 'chown' flag",
					"actual_value": "The 'Dockerfile' contains the 'chown' flag"
				},
				{
					"file_name": "../../path/docker/Dockerfile",
					"similarity_id": "0340cd405dac68642095eba97e4711162f7fa935ee743d53d9c19805f54bcc59",
					"line": 14,
					"issue_type": "IncorrectValue",
					"search_key": "FROM={{eclipse-temurin:17_35-jdk-focal}}.{{COPY --chown=webgoat target/webwolf-*.jar /home/webgoat/webwolf.jar}}",
					"search_line": 0,
					"search_value": "",
					"expected_value": "The 'Dockerfile' shouldn´t contain the 'chown' flag",
					"actual_value": "The 'Dockerfile' contains the 'chown' flag"
				},
				{
					"file_name": "../../path/docker/Dockerfile",
					"similarity_id": "f3a1993c5d64c857ca31b9d4d75a5d0884a638811ce4d5941645ba324797bc27",
					"line": 11,
					"issue_type": "IncorrectValue",
					"search_key": "FROM={{eclipse-temurin:17_35-jdk-focal}}.{{COPY --chown=webgoat nginx.conf /etc/nginx/nginx.conf}}",
					"search_line": 0,
					"search_value": "",
					"expected_value": "The 'Dockerfile' shouldn´t contain the 'chown' flag",
					"actual_value": "The 'Dockerfile' contains the 'chown' flag"
				},
				{
					"file_name": "../../path/docker/Dockerfile",
					"similarity_id": "b308d3df5ebbbdd8d546e891f578d242932b2c93f0431de39f85867b6d9be2fa",
					"line": 12,
					"issue_type": "IncorrectValue",
					"search_key": "FROM={{eclipse-temurin:17_35-jdk-focal}}.{{COPY --chown=webgoat index.html /usr/share/nginx/html/}}",
					"search_line": 0,
					"search_value": "",
					"expected_value": "The 'Dockerfile' shouldn´t contain the 'chown' flag",
					"actual_value": "The 'Dockerfile' contains the 'chown' flag"
				},
				{
					"file_name": "../../path/docker/Dockerfile",
					"similarity_id": "1aa7cdeaae65994b1f5e6341e6b81f97ab462b323a1b82cb187b540c453d85d0",
					"line": 13,
					"issue_type": "IncorrectValue",
					"search_key": "FROM={{eclipse-temurin:17_35-jdk-focal}}.{{COPY --chown=webgoat target/webgoat-server-*.jar /home/webgoat/webgoat.jar}}",
					"search_line": 0,
					"search_value": "",
					"expected_value": "The 'Dockerfile' shouldn´t contain the 'chown' flag",
					"actual_value": "The 'Dockerfile' contains the 'chown' flag"
				}
			]
		},
		{
			"query_name": "Healthcheck Instruction Missing",
			"query_id": "b03a748a-542d-44f4-bb86-9199ab4fd2d5",
			"query_url": "https://docs.docker.com/engine/reference/builder/#healthcheck",
			"severity": "LOW",
			"platform": "Dockerfile",
			"category": "Insecure Configurations",
			"description": "Ensure that HEALTHCHECK is being used. The HEALTHCHECK instruction tells Docker how to test a container to check that it is still working",
			"description_id": "426121ee",
			"files": [
				{
					"file_name": "../../path/webwolf/Dockerfile",
					"similarity_id": "68fa32e94a9f1d783d8bf6a304277261ed6bd5936cbe8220fab796b08d45a913",
					"line": 1,
					"issue_type": "MissingAttribute",
					"search_key": "FROM={{openjdk:11.0.1-jre-slim-stretch}}",
					"search_line": 0,
					"search_value": "",
					"expected_value": "Dockerfile contains instruction 'HEALTHCHECK'",
					"actual_value": "Dockerfile doesn't contain instruction 'HEALTHCHECK'"
				},
				{
					"file_name": "../../path/webgoat-server/Dockerfile",
					"similarity_id": "93dda958bd47aca55ec094efd920122dc7d7ad6135c008a4a485774fdacdb70c",
					"line": 1,
					"issue_type": "MissingAttribute",
					"search_key": "FROM={{openjdk:11.0.1-jre-slim-stretch}}",
					"search_line": 0,
					"search_value": "",
					"expected_value": "Dockerfile contains instruction 'HEALTHCHECK'",
					"actual_value": "Dockerfile doesn't contain instruction 'HEALTHCHECK'"
				},
				{
					"file_name": "../../path/docker/Dockerfile",
					"similarity_id": "9bf826f404de216d77c3e92f15717bfa654cb7bbc8cfdf3255553d3ba9510e3b",
					"line": 1,
					"issue_type": "MissingAttribute",
					"search_key": "FROM={{eclipse-temurin:17_35-jdk-focal}}",
					"search_line": 0,
					"search_value": "",
					"expected_value": "Dockerfile contains instruction 'HEALTHCHECK'",
					"actual_value": "Dockerfile doesn't contain instruction 'HEALTHCHECK'"
				}
			]
		},
		{
			"query_name": "Multiple RUN, ADD, COPY, Instructions Listed",
			"query_id": "0008c003-79aa-42d8-95b8-1c2fe37dbfe6",
			"query_url": "https://sysdig.com/blog/dockerfile-best-practices/",
			"severity": "LOW",
			"platform": "Dockerfile",
			"category": "Best Practices",
			"description": "Multiple commands (RUN, Copy, And) should be grouped in order to reduce the number of layers.",
			"description_id": "29bd3a34",
			"files": [
				{
					"file_name": "../../path/docker/Dockerfile",
					"similarity_id": "721abed23e9a8e8d0ad369865912becf88ef354ac8199e5ec94e542b18c9127d",
					"line": 3,
					"issue_type": "RedundantAttribute",
					"search_key": "FROM={{eclipse-temurin:17_35-jdk-focal}}.{{RUN apt-get update}}",
					"search_line": 0,
					"search_value": "",
					"expected_value": "There isn´t any RUN instruction that could be grouped",
					"actual_value": "There are RUN instructions that could be grouped"
				}
			]
		},
		{
			"query_name": "APT-GET Not Avoiding Additional Packages",
			"query_id": "7384dfb2-fcd1-4fbf-91cd-6c44c318c33c",
			"query_url": "https://docs.docker.com/engine/reference/builder/#run",
			"severity": "INFO",
			"platform": "Dockerfile",
			"category": "Supply-Chain",
			"description": "Check if any apt-get installs don't use '--no-install-recommends' flag to avoid installing additional packages.",
			"description_id": "2e92d18c",
			"files": [
				{
					"file_name": "../../path/webwolf/Dockerfile",
					"similarity_id": "360ca5bd9a2f280c80e0c5b86bd96213344c014ee34ccabdd112d865d1569184",
					"line": 5,
					"issue_type": "IncorrectValue",
					"search_key": "FROM={{openjdk:11.0.1-jre-slim-stretch}}.{{RUN   apt-get update \u0026\u0026 apt-get install \u0026\u0026   useradd --home-dir /home/webwolf --create-home -U webwolf}}",
					"search_line": 0,
					"search_value": "",
					"expected_value": "'RUN   apt-get update \u0026\u0026 apt-get install \u0026\u0026   useradd --home-dir /home/webwolf --create-home -U webwolf' uses '--no-install-recommends' flag to avoid installing additional packages",
					"actual_value": "'RUN   apt-get update \u0026\u0026 apt-get install \u0026\u0026   useradd --home-dir /home/webwolf --create-home -U webwolf' does not use '--no-install-recommends' flag to avoid installing additional packages"
				},
				{
					"file_name": "../../path/webgoat-server/Dockerfile",
					"similarity_id": "4d4b85eb511066507ecef8d56c60c3616397e4f8b4a196f9f903b925f2590c0e",
					"line": 5,
					"issue_type": "IncorrectValue",
					"search_key": "FROM={{openjdk:11.0.1-jre-slim-stretch}}.{{RUN   apt-get update \u0026\u0026 apt-get install \u0026\u0026   useradd --home-dir /home/webgoat --create-home -U webgoat}}",
					"search_line": 0,
					"search_value": "",
					"expected_value": "'RUN   apt-get update \u0026\u0026 apt-get install \u0026\u0026   useradd --home-dir /home/webgoat --create-home -U webgoat' uses '--no-install-recommends' flag to avoid installing additional packages",
					"actual_value": "'RUN   apt-get update \u0026\u0026 apt-get install \u0026\u0026   useradd --home-dir /home/webgoat --create-home -U webgoat' does not use '--no-install-recommends' flag to avoid installing additional packages"
				},
				{
					"file_name": "../../path/docker/Dockerfile",
					"similarity_id": "8eef5bee763a1377908100cea03b9de2f5bfc96e20bb649e4ed4d2c7d6122367",
					"line": 5,
					"issue_type": "IncorrectValue",
					"search_key": "FROM={{eclipse-temurin:17_35-jdk-focal}}.{{RUN apt-get -y install apt-utils nginx}}",
					"search_line": 0,
					"search_value": "",
					"expected_value": "'RUN apt-get -y install apt-utils nginx' uses '--no-install-recommends' flag to avoid installing additional packages",
					"actual_value": "'RUN apt-get -y install apt-utils nginx' does not use '--no-install-recommends' flag to avoid installing additional packages"
				}
			]
		},
		{
			"query_name": "Apt Get Install Lists Were Not Deleted",
			"query_id": "df746b39-6564-4fed-bf85-e9c44382303c",
			"query_url": "https://docs.docker.com/develop/develop-images/dockerfile_best-practices/",
			"severity": "INFO",
			"platform": "Dockerfile",
			"category": "Supply-Chain",
			"description": "After using apt-get install, it is needed to delete apt-get lists",
			"description_id": "4236a50c",
			"files": [
				{
					"file_name": "../../path/webwolf/Dockerfile",
					"similarity_id": "b2352b369f8a2e621703b74342d4b1b356ead3736967d25da37e9ef64a63605f",
					"line": 5,
					"issue_type": "IncorrectValue",
					"search_key": "FROM={{openjdk:11.0.1-jre-slim-stretch}}.RUN={{apt-get update \u0026\u0026 apt-get install \u0026\u0026   useradd --home-dir /home/webwolf --create-home -U webwolf}}",
					"search_line": 0,
					"search_value": "",
					"expected_value": "After using apt-get install, it is needed to delete apt-get lists",
					"actual_value": "After using apt-get install, the apt-get lists were not deleted"
				},
				{
					"file_name": "../../path/webgoat-server/Dockerfile",
					"similarity_id": "1909cb578cc8fa18e9aa3663cfa89c12edc69f0f58a316e52566080c8f449a5e",
					"line": 5,
					"issue_type": "IncorrectValue",
					"search_key": "FROM={{openjdk:11.0.1-jre-slim-stretch}}.RUN={{apt-get update \u0026\u0026 apt-get install \u0026\u0026   useradd --home-dir /home/webgoat --create-home -U webgoat}}",
					"search_line": 0,
					"search_value": "",
					"expected_value": "After using apt-get install, it is needed to delete apt-get lists",
					"actual_value": "After using apt-get install, the apt-get lists were not deleted"
				},
				{
					"file_name": "../../path/docker/Dockerfile",
					"similarity_id": "ad63034b5b16c94ca27332c2c910308b37f9ff2736c2e74c9c1fcd3b7d4cc0da",
					"line": 5,
					"issue_type": "IncorrectValue",
					"search_key": "FROM={{eclipse-temurin:17_35-jdk-focal}}.RUN={{apt-get -y install apt-utils nginx}}",
					"search_line": 0,
					"search_value": "",
					"expected_value": "After using apt-get install, it is needed to delete apt-get lists",
					"actual_value": "After using apt-get install, the apt-get lists were not deleted"
				}
			]
		}
	]
}
